序号,代码,名称,涨跌幅,最新价,成交额,流通市值,总市值,换手率,封板资金,首次封板时间,最后封板时间,炸板次数,涨停统计,连板数,所属行业,tag,source,涨停价,涨速,振幅
1,600026,中远海能,10.0,19.25,330770496,73683448146.0,105315474880.0,0.4489074647426605,135246977.0,092502,092502,0,1/1,1.0,航运港口,涨停,akshare:stock_zt_pool_em,,,
2,601975,招商南油,10.096153259277344,4.58,219170802,21435978625.24,21435978158.08,1.0224436521530151,276120473.0,092502,092502,0,1/1,1.0,航运港口,涨停,akshare:stock_zt_pool_em,,,
3,601872,招商轮船,10.0,17.16,424466512,138559080694.32,138559080591.36002,0.30634334683418274,342964719.0,092503,092503,0,1/1,1.0,航运港口,涨停,akshare:stock_zt_pool_em,,,
4,603335,迪生力,10.062111854553223,8.86,15140579,3793361155.9999995,3793361226.8799996,0.3991336226463318,157642710.0,092504,092504,0,5/3,2.0,汽车零部,涨停,akshare:stock_zt_pool_em,,,
5,603738,泰晶科技,9.992268562316895,56.91,4750247680,21960857169.719997,21960856942.079998,22.48080825805664,24249635.0,092504,141625,27,2/2,2.0,元件,涨停,akshare:stock_zt_pool_em,,,
6,000510,新金路,10.015487670898438,21.31,351026048,12926867453.519999,13820463775.039999,2.715792179107666,156339152.0,093000,093000,0,3/3,3.0,化学原料,涨停,akshare:stock_zt_pool_em,,,
7,002051,中工国际,10.03787899017334,11.62,819138464,14250906568.499998,14251734226.24,5.772602081298828,89769461.0,093030,093554,4,1/1,1.0,专业工程,涨停,akshare:stock_zt_pool_em,,,
8,001257,盛龙股份,9.985580444335938,30.51,1472260528,4178283113.88,56014859396.16,35.47092056274414,87614529.0,093039,100200,4,3/3,3.0,小金属,涨停,akshare:stock_zt_pool_em,,,
9,600375,汉马科技,9.898476600646973,4.33,63696705,6333429340.8,6941298988.8,1.0104973316192627,47155432.0,093049,093049,0,1/1,1.0,商用车,涨停,akshare:stock_zt_pool_em,,,
10,601022,宁波远洋,9.974093437194824,8.49,234030670,11110297005.66,11110296954.720001,2.120375394821167,2977867.0,093101,145625,4,1/1,1.0,航运港口,涨停,akshare:stock_zt_pool_em,,,
11,600353,旭光电子,10.003485679626465,31.56,750288144,26157280178.039997,26157279957.12,2.892652988433838,388429560.0,093109,093139,1,3/2,1.0,其他电子,涨停,akshare:stock_zt_pool_em,,,
12,603007,顺景科技,10.09345817565918,5.89,234335576,4094074380.81,5210565505.44,5.770816802978516,55743119.0,093124,093439,2,1/1,1.0,汽车零部,涨停,akshare:stock_zt_pool_em,,,
13,002432,九安医疗,10.0,66.99,478089680,31168592716.8,31210231557.12,1.5529406070709229,207863471.0,093133,093133,0,1/1,1.0,医疗器械,涨停,akshare:stock_zt_pool_em,,,
14,002585,双星新材,10.017271041870117,12.74,1204423696,11297280791.16,14540450025.92,10.765433311462402,146667976.0,093136,093821,5,8/4,1.0,塑料,涨停,akshare:stock_zt_pool_em,,,
15,002040,南 京 港,10.023866653442383,9.22,66392319,4481615602.900001,4498871266.240001,1.5002074241638184,73715375.0,093142,093142,0,1/1,1.0,航运港口,涨停,akshare:stock_zt_pool_em,,,
16,002440,闰土股份,10.033076286315918,9.98,969253792,9444667091.44,11217519041.92,10.43642807006836,36486381.0,093157,141754,2,1/1,1.0,化学制品,涨停,akshare:stock_zt_pool_em,,,
17,603137,恒尚节能,10.034013748168945,12.94,34931491,2367157341.96,2367157341.96,1.482999324798584,39157734.0,093159,093241,1,1/1,1.0,装修装饰,涨停,akshare:stock_zt_pool_em,,,
18,600110,诺德股份,9.969088554382324,14.23,978672128,24691624662.36,24691624605.440002,4.02850341796875,251054340.0,093202,093202,0,1/1,1.0,电池,涨停,akshare:stock_zt_pool_em,,,
19,002263,大东南,10.079575538635254,4.15,463794640,7795132165.000001,7795194398.400001,6.017047882080078,59976215.0,093206,094242,1,1/1,1.0,塑料,涨停,akshare:stock_zt_pool_em,,,
20,603727,博迈科,9.992862701416016,15.41,33998425,4341294058.57,4341294104.8,0.7935914397239685,47553719.0,093207,093207,0,1/1,1.0,油服工程,涨停,akshare:stock_zt_pool_em,,,
21,601958,金钼股份,9.992162704467773,28.07,6029280768,90570785508.0,90570785508.0,6.694299697875977,137946478.0,093213,130546,19,3/3,3.0,小金属,涨停,akshare:stock_zt_pool_em,,,
22,301176,逸豪新材,20.0,67.92,429694576,11142521055.36,11483008022.64,3.9924163818359375,166668888.0,093218,093248,1,2/2,2.0,元件,涨停,akshare:stock_zt_pool_em,,,
23,002741,光华科技,9.989874839782715,32.59,1079626976,13895014226.850002,15155076887.360003,7.865070819854736,150428791.0,093236,093236,0,1/1,1.0,电子化学,涨停,akshare:stock_zt_pool_em,,,
24,603979,金诚信,10.005653381347656,77.84,1242900912,48555728598.72,48555728910.08,2.573693037033081,2545368.0,093254,145459,13,1/1,1.0,工业金属,涨停,akshare:stock_zt_pool_em,,,
25,605198,安德利,10.0,71.28,471130096,19283806080.0,23820920640.0,2.4676904678344727,44991936.0,093314,100635,9,2/2,2.0,农产品加,涨停,akshare:stock_zt_pool_em,,,
26,000980,众泰汽车,10.138248443603516,2.39,233457441,12051577253.77,12051689031.68,1.979055643081665,60080537.0,093321,093321,0,1/1,1.0,汽车零部,涨停,akshare:stock_zt_pool_em,,,
27,000520,凤凰航运,10.120482444763184,4.57,133195652,4625221389.35,4625221393.92,2.9238662719726562,59356686.0,093348,093348,0,1/1,1.0,航运港口,涨停,akshare:stock_zt_pool_em,,,
28,000545,金浦钛业,10.126582145690918,2.61,74961125,2571902080.56,2575634401.44,2.961672306060791,36559026.0,093539,093539,0,1/1,1.0,化学原料,涨停,akshare:stock_zt_pool_em,,,
29,002137,实益达,10.0,10.12,374391936,4012155779.72,5844349061.759999,9.622766494750977,110858163.0,093615,093615,0,1/1,1.0,光学光电,涨停,akshare:stock_zt_pool_em,,,
30,605303,园林股份,10.0,30.03,137150397,4841959362.24,4841959362.24,2.8676347732543945,35981946.0,093637,093731,1,1/1,1.0,基础建设,涨停,akshare:stock_zt_pool_em,,,
31,002021,中捷资源,9.91735553741455,2.66,42573599,3179864790.06,3179969692.48,1.3758145570755005,43167458.0,093657,093657,0,1/1,1.0,专用设备,涨停,akshare:stock_zt_pool_em,,,
32,300588,熙菱信息,19.9891357421875,22.09,155786015,3905998642.7,4229595052.7,4.119101047515869,53764851.0,093703,093703,0,1/1,1.0,计算机设,涨停,akshare:stock_zt_pool_em,,,
33,002552,宝鼎科技,9.996588706970215,64.48,423948096,23761092074.72,25017293949.440002,1.8126507997512817,43749615.0,093736,094254,2,1/1,1.0,元件,涨停,akshare:stock_zt_pool_em,,,
34,603070,万控智造,10.013717651367188,16.04,58398388,6432040000.0,6432040000.0,0.9279563426971436,68429767.0,093736,093736,0,1/1,1.0,电网设备,涨停,akshare:stock_zt_pool_em,,,
35,601696,中银证券,9.965337753295898,12.69,1654769440,35252820000.0,35252820000.0,4.769163131713867,123075234.0,093808,130108,1,2/2,2.0,证券Ⅱ,涨停,akshare:stock_zt_pool_em,,,
36,603516,淳中科技,10.002696990966797,122.4,542982304,24880037349.600002,24880037349.600002,2.2303519248962402,67537260.0,093832,093947,2,1/1,1.0,计算机设,涨停,akshare:stock_zt_pool_em,,,
37,603093,南华期货,9.98953914642334,21.03,230917972,12829685729.79,15093754562.880001,1.8390308618545532,27322176.0,093840,093840,0,1/1,1.0,多元金融,涨停,akshare:stock_zt_pool_em,,,
38,600237,铜峰电子,9.989701271057129,10.68,494051280,6670896690.599999,6733630636.8,7.5565571784973145,82871588.0,093841,094035,1,1/1,1.0,元件,涨停,akshare:stock_zt_pool_em,,,
39,002806,华锋股份,9.994154930114746,18.82,300807408,3276657699.7000003,3998858336.98,9.339359283447266,78496902.0,093903,093957,1,1/1,1.0,汽车零部,涨停,akshare:stock_zt_pool_em,,,
40,000411,英特集团,10.010537147521973,10.44,112622269,5885403171.84,5897025146.88,1.9484943151474,92752081.0,093906,093906,0,1/1,1.0,医药商业,涨停,akshare:stock_zt_pool_em,,,
41,000733,振华科技,10.008481979370117,51.88,1489587136,28746434644.280003,28750309717.120003,5.280543804168701,134733708.0,093918,093918,0,1/1,1.0,军工电子,涨停,akshare:stock_zt_pool_em,,,
42,603186,华正新材,10.0,187.33,1131380432,29371567736.940002,29371567736.940002,3.9235408306121826,163932483.0,093949,093949,0,6/3,1.0,元件,涨停,akshare:stock_zt_pool_em,,,
43,600545,卓郎智能,9.926470756530762,5.98,441141472,10691715087.560001,10691715099.52,4.203304767608643,70342740.0,093955,094522,1,1/1,1.0,专用设备,涨停,akshare:stock_zt_pool_em,,,
44,603045,福达合金,10.005489349365234,80.15,531577504,10855929173.25,10855929173.25,4.984676837921143,32917765.0,094018,094227,2,1/1,1.0,金属新材,涨停,akshare:stock_zt_pool_em,,,
45,603678,火炬电子,10.008598327636719,63.97,1136395328,30421997385.07,30421996937.28,3.8188188076019287,126657849.0,094045,094045,0,3/2,1.0,军工电子,涨停,akshare:stock_zt_pool_em,,,
46,300726,宏达电子,20.003314971923828,72.41,1798990736,15527486209.429998,29821322814.399998,11.990340232849121,97510636.0,094221,094651,2,1/1,1.0,军工电子,涨停,akshare:stock_zt_pool_em,,,
47,002851,麦格米特,9.997042655944824,148.76,2921247920,68169554280.35999,86546730516.48,4.347500324249268,287238006.0,094227,094506,1,1/1,1.0,其他电源,涨停,akshare:stock_zt_pool_em,,,
48,002815,崇达技术,10.029153823852539,18.87,1227258272,14664669804.18,23288435559.36,8.62526798248291,157840002.0,094309,094309,0,1/1,1.0,元件,涨停,akshare:stock_zt_pool_em,,,
49,601179,中国西电,10.022271156311035,14.82,2757266752,75965576456.64,75965576693.76,3.663661241531372,227114810.0,094321,095245,1,1/1,1.0,电网设备,涨停,akshare:stock_zt_pool_em,,,
50,605288,凯迪股份,10.003135681152344,70.16,105127726,6895217946.32,6941785944.719999,1.5621161460876465,66839186.0,094326,094326,0,1/1,1.0,自动化设,涨停,akshare:stock_zt_pool_em,,,
51,002613,北玻股份,10.11494255065918,4.79,540050848,3705888477.64,5271724015.52,15.01920223236084,80333372.0,094330,094330,0,1/1,1.0,玻璃玻纤,涨停,akshare:stock_zt_pool_em,,,
52,600293,三峡新材,9.970674514770508,3.75,396654944,4350543922.5,4350543900.0,9.362709045410156,44550345.0,094427,095303,1,1/1,1.0,玻璃玻纤,涨停,akshare:stock_zt_pool_em,,,
53,002515,金字火腿,9.960159301757812,8.28,1018523216,9123309090.72,10023885244.8,11.306034088134766,49805549.0,094503,103718,22,1/1,1.0,食品加工,涨停,akshare:stock_zt_pool_em,,,
54,002849,威星智能,9.98774528503418,17.95,359759312,3928296182.7999997,3960380587.2,9.256128311157227,3863019.0,094509,141006,16,1/1,1.0,通用设备,涨停,akshare:stock_zt_pool_em,,,
55,002824,和胜股份,10.01733112335205,31.74,445761584,7178830366.2,9876816127.68,6.371550559997559,142767345.0,094515,094515,0,3/2,1.0,工业金属,涨停,akshare:stock_zt_pool_em,,,
56,603267,鸿远电子,10.0,68.42,964994352,15810554630.640001,15810554630.640001,6.230802536010742,48189027.0,094523,095959,4,1/1,1.0,军工电子,涨停,akshare:stock_zt_pool_em,,,
57,603002,宏昌电子,9.9827880859375,19.17,1005265840,21740285017.530003,21740285075.04,4.742600917816162,70842735.0,094525,094655,2,5/3,1.0,电子化学,涨停,akshare:stock_zt_pool_em,,,
58,000506,招金黄金,9.9781494140625,15.1,910113376,14023475111.1,14028168176.0,6.6322855949401855,90623737.0,094600,095733,1,2/2,2.0,贵金属,涨停,akshare:stock_zt_pool_em,,,
59,688603,天承科技,20.00129508972168,185.33,1619466752,8788646425.310001,23115196032.920002,18.92617416381836,13941078.0,094630,134218,20,1/1,1.0,电子化学,涨停,akshare:stock_zt_pool_em,,,
60,603458,勘设股份,10.023130416870117,14.27,400218272,4368396814.78,4368396786.24,9.259713172912598,40175758.0,094745,132030,4,1/1,1.0,工程咨询,涨停,akshare:stock_zt_pool_em,,,
61,000700,模塑科技,10.0,15.84,656525936,14541363761.76,14541363809.28,4.644489288330078,115031252.0,094839,094839,0,1/1,1.0,汽车零部,涨停,akshare:stock_zt_pool_em,,,
62,601133,柏诚股份,10.016977310180664,32.4,901771792,16990130505.599998,17107797196.8,5.404565334320068,11884320.0,094907,103419,11,1/1,1.0,专业工程,涨停,akshare:stock_zt_pool_em,,,
63,605589,圣泉集团,9.996570587158203,64.15,3971066080,54265703721.700005,54295822018.4,7.511877059936523,156686888.0,095012,100557,6,5/3,1.0,塑料,涨停,akshare:stock_zt_pool_em,,,
64,002961,瑞达期货,9.994874000549316,21.46,186670820,10234943187.18,10234991622.4,1.8670052289962769,86675545.0,095109,095109,0,1/1,1.0,多元金融,涨停,akshare:stock_zt_pool_em,,,
65,301566,达利凯普,20.01310157775879,36.64,1221599152,7734219399.36,14656366400.0,16.439502716064453,54677872.0,095154,102512,6,1/1,1.0,元件,涨停,akshare:stock_zt_pool_em,,,
66,603618,杭电股份,10.010293006896973,42.75,3953371184,29556307584.0,29556307584.0,13.598163604736328,46956300.0,095228,132916,13,1/1,1.0,电网设备,涨停,akshare:stock_zt_pool_em,,,
67,003036,泰坦股份,10.004868507385254,90.38,808423168,19547909519.44,19548411128.44,4.255260944366455,35682024.0,095333,103018,6,8/4,1.0,专用设备,涨停,akshare:stock_zt_pool_em,,,
68,603373,安邦护卫,9.990889549255371,36.22,93950659,2303669909.22,5452473139.7,4.192562580108643,25603918.0,095452,095452,0,1/1,1.0,专业服务,涨停,akshare:stock_zt_pool_em,,,
69,600636,退市国化,9.756096839904785,1.8,15754682,789546243.6,789546240.0,2.0562655925750732,5064139.0,095619,095640,1,1/1,1.0,教育,涨停,akshare:stock_zt_pool_em,,,
70,600703,三安光电,9.98563289642334,15.31,4794633472,76381876710.37,76381875133.44,6.392751216888428,138768798.0,095637,110655,31,1/1,1.0,光学光电,涨停,akshare:stock_zt_pool_em,,,
71,600460,士兰微,10.015551567077637,35.37,3110196144,58858221157.649994,58858220980.799995,5.392437934875488,149731042.0,095915,102439,5,1/1,1.0,半导体,涨停,akshare:stock_zt_pool_em,,,
72,301387,光大同创,19.997947692871094,116.95,860590448,4991931691.8,12484085507.800001,17.883514404296875,17203345.0,100012,131051,9,1/1,1.0,消费电子,涨停,akshare:stock_zt_pool_em,,,
73,603115,海星股份,9.997780799865723,99.13,466929104,23978595352.0,23978595352.0,2.0083062648773193,35756191.0,100120,100708,1,1/1,1.0,元件,涨停,akshare:stock_zt_pool_em,,,
74,600183,生益科技,10.001321792602539,166.41,8757312512,398469001937.04,404229731397.12,2.256610155105591,733926010.0,100150,100150,0,1/1,1.0,元件,涨停,akshare:stock_zt_pool_em,,,
75,000636,风华高科,9.99661636352539,65.03,9129482240,75240562608.33,75240569436.48,12.430461883544922,194914353.0,100254,104336,5,1/1,1.0,元件,涨停,akshare:stock_zt_pool_em,,,
76,002174,游族网络,10.019841194152832,11.09,349235696,10859982775.78,10866103546.4,3.286435127258301,69609756.0,100409,100409,0,1/1,1.0,游戏Ⅱ,涨停,akshare:stock_zt_pool_em,,,
77,601636,旗滨集团,9.984639167785645,7.16,1334509312,21183960692.48,21183960692.48,6.421800136566162,26076004.0,100925,144510,16,1/1,1.0,玻璃玻纤,涨停,akshare:stock_zt_pool_em,,,
78,002972,科安达,9.984871864318848,14.54,166268216,1957757420.1,3576967952.0,8.760581016540527,19940446.0,101048,101048,0,1/1,1.0,轨交设备,涨停,akshare:stock_zt_pool_em,,,
79,002897,意华股份,10.002532958984375,86.88,979878752,15850536025.439999,16844354868.48,6.316182613372803,41496060.0,101136,135403,7,1/1,1.0,通信设备,涨停,akshare:stock_zt_pool_em,,,
80,688167,炬光科技,20.001205444335938,398.26,4239342320,51829146590.46,51829146590.46,8.666099548339844,99803956.0,101245,111400,10,3/2,1.0,半导体,涨停,akshare:stock_zt_pool_em,,,
81,002426,胜利精密,9.97150993347168,3.86,1718927856,13134035579.26,13134136051.199999,13.287118911743164,13717668.0,101303,132442,12,1/1,1.0,消费电子,涨停,akshare:stock_zt_pool_em,,,
82,002859,洁美科技,10.002656936645508,82.81,1769139376,33612529728.05,35709872758.56,5.344053268432617,38417877.0,101406,105712,10,1/1,1.0,其他电子,涨停,akshare:stock_zt_pool_em,,,
83,603726,朗迪集团,10.0,27.83,231467013,5140373546.0,5166672896.0,4.593770980834961,25010821.0,101529,105944,3,1/1,1.0,家电零部,涨停,akshare:stock_zt_pool_em,,,
84,600563,法拉电子,10.0,157.3,1394519232,35392500000.0,35392500000.0,4.028626441955566,49128093.0,101703,111921,25,1/1,1.0,元件,涨停,akshare:stock_zt_pool_em,,,
85,002136,安 纳 达,10.015897750854492,13.84,141193593,2968067718.4,2975876800.0,4.869675636291504,36973560.0,101809,101809,0,1/1,1.0,化学原料,涨停,akshare:stock_zt_pool_em,,,
86,600226,亨通股份,10.0,8.25,1963585920,24538645098.0,24538645164.0,8.222644805908203,73494861.0,101847,103802,2,1/1,1.0,电力,涨停,akshare:stock_zt_pool_em,,,
87,002301,齐心集团,10.05434799194336,8.1,264868953,5815720806.3,5842594281.599999,4.675356864929199,10291860.0,102136,111409,3,1/1,1.0,文娱用品,涨停,akshare:stock_zt_pool_em,,,
88,300570,太辰光,20.002161026000977,222.1,6444531712,42686020435.799995,50444877160.7,15.73178482055664,400516927.0,102212,102212,0,1/1,1.0,通信设备,涨停,akshare:stock_zt_pool_em,,,
89,002745,木林森,9.978541374206543,10.25,958288544,10906912291.0,15212705600.0,8.992914199829102,17175925.0,102303,141912,9,1/1,1.0,光学光电,涨停,akshare:stock_zt_pool_em,,,
90,688757,胜科纳米,20.0,50.76,712039328,9198744813.72,20472091130.88,8.010856628417969,61252396.0,102526,110538,1,1/1,1.0,专业服务,涨停,akshare:stock_zt_pool_em,,,
91,600176,中国巨石,9.997596740722656,45.77,7018074624,183223568040.56,183223568406.72,3.9383938312530518,114681449.0,102811,104635,2,1/1,1.0,玻璃玻纤,涨停,akshare:stock_zt_pool_em,,,
92,000811,冰轮环境,10.009750366210938,33.85,1515328352,33118693801.850002,33595379758.4,4.673308372497559,24408388.0,102848,142130,21,1/1,1.0,通用设备,涨停,akshare:stock_zt_pool_em,,,
93,603327,福蓉科技,9.989701271057129,10.68,318816752,11165505964.8,11165505964.8,2.941545248031616,20583531.0,103018,103018,0,1/1,1.0,消费电子,涨停,akshare:stock_zt_pool_em,,,
94,603629,利通电子,10.003286361694336,167.37,5321594368,43186648470.0,43904498400.0,12.595695495605469,118747341.0,103134,141740,3,1/1,1.0,消费电子,涨停,akshare:stock_zt_pool_em,,,
95,002664,信质集团,10.028169631958008,19.53,192379618,7862310998.64,7972146000.0,2.5137460231781006,17701992.0,103215,103215,0,1/1,1.0,汽车零部,涨停,akshare:stock_zt_pool_em,,,
96,002913,奥士康,10.003572463989258,61.58,450437504,18577773014.92,19543060328.96,2.498769760131836,41949466.0,103542,103542,0,3/2,1.0,元件,涨停,akshare:stock_zt_pool_em,,,
97,603407,长裕集团,10.009624481201172,57.15,346036944,2052370342.8,23310069508.8,17.249446868896484,6942239.0,104007,141431,10,1/1,1.0,化学原料,涨停,akshare:stock_zt_pool_em,,,
98,002990,盛视科技,10.008896827697754,49.46,379931728,6826398125.9800005,12951206745.48,5.702348709106445,94102596.0,104521,104521,0,1/1,1.0,计算机设,涨停,akshare:stock_zt_pool_em,,,
99,605058,澳弘电子,9.994583129882812,40.61,176756669,5804141609.5,5804141609.5,3.134219169616699,68395362.0,104544,104544,0,1/1,1.0,元件,涨停,akshare:stock_zt_pool_em,,,
100,605376,博迁新材,9.999435424804688,194.71,2083678112,50936136000.0,50936136000.0,4.169900894165039,28064331.0,104729,110902,9,1/1,1.0,金属新材,涨停,akshare:stock_zt_pool_em,,,
101,002080,中材科技,9.996769905090332,68.11,3687548144,114296997306.24,114296997306.24,3.3097875118255615,75876651.0,104821,133351,19,1/1,1.0,玻璃玻纤,涨停,akshare:stock_zt_pool_em,,,
102,603085,天成自控,9.96592903137207,12.91,145492180,5126561000.0,5126561000.0,2.924943447113037,35931757.0,105443,105443,0,1/1,1.0,汽车零部,涨停,akshare:stock_zt_pool_em,,,
103,002635,安洁科技,10.025219917297363,17.45,625530912,6902052752.05,11511534380.8,9.324337005615234,22373517.0,105915,111230,5,1/1,1.0,消费电子,涨停,akshare:stock_zt_pool_em,,,
104,000823,超声电子,10.021905899047852,20.09,1429123600,11939600990.66,11940057877.44,12.409170150756836,99630287.0,110403,110403,0,1/1,1.0,元件,涨停,akshare:stock_zt_pool_em,,,
105,603800,洪田股份,9.995590209960938,74.83,743054064,15564640000.0,15564640000.0,4.9271016120910645,30597987.0,110559,110559,0,1/1,1.0,专用设备,涨停,akshare:stock_zt_pool_em,,,
106,002106,莱宝高科,10.032894134521484,13.38,506743824,9431594995.08,9443820220.800001,5.527505397796631,57298913.0,110618,110618,0,1/1,1.0,光学光电,涨停,akshare:stock_zt_pool_em,,,
107,688090,瑞松科技,19.998050689697266,123.13,1515282656,15067425980.32,15067425980.32,10.406671524047852,12981719.0,110637,135556,17,1/1,1.0,自动化设,涨停,akshare:stock_zt_pool_em,,,
108,000032,深桑达Ａ,9.989429473876953,20.81,2028997072,23680931659.539997,25287881482.719997,8.829917907714844,121867022.0,110748,131827,7,3/3,3.0,专业工程,涨停,akshare:stock_zt_pool_em,,,
109,001256,炜冈科技,9.983007431030273,25.89,143429926,2767966126.62,3692239126.62,5.396000385284424,25817508.0,110751,110751,0,1/1,1.0,专用设备,涨停,akshare:stock_zt_pool_em,,,
110,300548,长芯博创,20.001785278320312,268.84,6708117760,73221834491.51999,79214949116.15999,9.652972221374512,51716750.0,111130,112354,1,1/1,1.0,通信设备,涨停,akshare:stock_zt_pool_em,,,
111,603011,合锻智能,9.996786117553711,34.22,1464313440,16918862034.14,16918861863.039999,8.865848541259766,85070338.0,111341,111341,0,4/2,1.0,专用设备,涨停,akshare:stock_zt_pool_em,,,
112,002281,光迅科技,10.001463890075684,225.47,12954066176,175857615471.44,181881183607.2,7.6115803718566895,351425207.0,111442,111442,0,1/1,1.0,通信设备,涨停,akshare:stock_zt_pool_em,,,
113,603681,永冠新材,10.0,27.39,809335344,6511748723.7,6511748723.7,12.966959953308105,35890431.0,111931,130001,4,1/1,1.0,化学制品,涨停,akshare:stock_zt_pool_em,,,
114,002384,东山精密,10.002298355102539,239.31,19726067200,331760651531.13,438321999440.16003,6.158535957336426,266512128.0,112618,133718,11,1/1,1.0,元件,涨停,akshare:stock_zt_pool_em,,,
115,000070,特发信息,10.0,18.81,2212727440,16115035641.21,16334471276.64,14.096320152282715,33387750.0,112709,131806,8,1/1,1.0,通信设备,涨停,akshare:stock_zt_pool_em,,,
116,301196,唯科科技,19.99749755859375,191.78,1598801392,15911198575.98,24032668481.86,10.632898330688477,25846190.0,130000,130000,0,1/1,1.0,塑料,涨停,akshare:stock_zt_pool_em,,,
117,000777,中核科技,9.98781967163086,18.06,164843166,6924399535.62,6924521855.999999,2.4689643383026123,54792234.0,130009,130009,0,1/1,1.0,通用设备,涨停,akshare:stock_zt_pool_em,,,
118,002975,博杰股份,10.002471923828125,133.51,1358639936,18338137746.89,27787534563.359997,7.617495059967041,64740334.0,130015,131451,2,1/1,1.0,自动化设,涨停,akshare:stock_zt_pool_em,,,
119,603256,宏和科技,10.000480651855469,228.68,3670839360,201176084700.0,206860828928.64,1.8983057737350464,25817972.0,130242,140906,27,1/1,1.0,玻璃玻纤,涨停,akshare:stock_zt_pool_em,,,
120,603052,可川科技,9.99636459350586,90.78,467520016,17057315259.960001,17057315259.960001,2.859328269958496,92486664.0,130306,130306,0,1/1,1.0,消费电子,涨停,akshare:stock_zt_pool_em,,,
121,300489,光智科技,19.99877166748047,195.43,1969587200,27096072641.83,27195615694.05,7.699146747589111,25542701.0,130318,142239,14,1/1,1.0,光学光电,涨停,akshare:stock_zt_pool_em,,,
122,002903,宇环数控,10.008818626403809,49.9,632202320,5322615885.099999,7819230200.0,12.224571228027344,12130690.0,130330,134824,4,1/1,1.0,通用设备,涨停,akshare:stock_zt_pool_em,,,
123,600520,三佳科技,10.003718376159668,29.58,365971520,4686359400.0,4686359400.0,8.165802955627441,14296014.0,130432,130432,0,1/1,1.0,专用设备,涨停,akshare:stock_zt_pool_em,,,
124,002428,云南锗业,10.004335403442383,101.49,9606093056,66276585581.25,66285148800.0,15.038405418395996,265630081.0,130733,131442,1,3/2,1.0,小金属,涨停,akshare:stock_zt_pool_em,,,
125,603806,福斯特,9.986504554748535,16.3,818559920,42522543809.700005,42522543891.200005,1.9989380836486816,69094819.0,131006,132242,1,1/1,1.0,光伏设备,涨停,akshare:stock_zt_pool_em,,,
126,000593,德龙汇能,9.995148658752441,22.67,609241376,8126813441.2300005,8130164951.360001,7.751787185668945,1357933.0,132539,143006,12,1/1,1.0,燃气Ⅱ,涨停,akshare:stock_zt_pool_em,,,
127,600549,厦门钨业,10.0,71.28,7936361728,110764271534.40001,113163117534.72,7.458422660827637,324304326.0,132653,132726,1,1/1,1.0,小金属,涨停,akshare:stock_zt_pool_em,,,
128,000960,锡业股份,10.013279914855957,41.42,5258776064,68153791451.840004,68153791451.840004,7.930248260498047,52619719.0,133030,133803,3,1/1,1.0,小金属,涨停,akshare:stock_zt_pool_em,,,
129,301217,铜冠铜箔,20.0,170.16,6675398144,141065284967.04,141065286328.32,4.98057746887207,118030292.0,133142,133142,0,1/1,1.0,电池,涨停,akshare:stock_zt_pool_em,,,
130,301373,凌玮科技,20.003019332885742,158.98,1899064416,6483696920.04,17244893027.18,31.08888053894043,28473318.0,133336,143321,7,1/1,1.0,化学制品,涨停,akshare:stock_zt_pool_em,,,
131,000657,中钨高新,10.0,86.9,9967499776,126259212219.8,198010722360.0,8.331215858459473,122192610.0,133800,140745,9,1/1,1.0,小金属,涨停,akshare:stock_zt_pool_em,,,
132,605111,新洁能,10.005036354064941,65.53,1938864048,27216743115.510002,27216742656.8,7.3410491943359375,8614835.0,134207,142052,21,1/1,1.0,半导体,涨停,akshare:stock_zt_pool_em,,,
133,001359,平安电工,9.99626636505127,117.85,653389280,5465494095.0,21861547995.25,12.405448913574219,13445860.0,134521,135954,2,2/2,2.0,塑料,涨停,akshare:stock_zt_pool_em,,,
134,002992,宝明科技,9.995251655578613,46.33,190610982,7238372275.66,8379643859.549999,2.71319317817688,62411143.0,134821,135821,4,1/1,1.0,光学光电,涨停,akshare:stock_zt_pool_em,,,
135,600362,江西铜业,10.011613845825195,47.36,4273438032,98283717100.8,163994864762.88,4.448657512664795,148999296.0,135633,135633,0,1/1,1.0,工业金属,涨停,akshare:stock_zt_pool_em,,,
136,688813,泰金新能,20.001413345336914,169.85,640092416,5108574373.599999,27176000000.0,13.15591049194336,30806204.0,135708,135708,0,1/1,1.0,专用设备,涨停,akshare:stock_zt_pool_em,,,
137,603499,翔港科技,10.027700424194336,19.86,158205151,6009524585.4,6009524466.24,2.7109322547912598,50853516.0,140613,140613,0,1/1,1.0,包装印刷,涨停,akshare:stock_zt_pool_em,,,
138,605289,罗曼股份,10.00185489654541,118.56,691319360,17982291600.0,18093500880.0,3.9623913764953613,4204374.0,141613,144428,5,1/1,1.0,专业工程,涨停,akshare:stock_zt_pool_em,,,
139,002364,中恒电气,9.997849464416504,51.16,1984713728,28552588361.6,28831983353.6,7.168242454528809,1432480.0,142012,145627,4,1/1,1.0,其他电源,涨停,akshare:stock_zt_pool_em,,,
140,301362,民爆光电,19.99786949157715,225.26,1283169136,9223197715.76,32875497715.76,15.19339370727539,4627290.0,144109,145033,3,1/1,1.0,照明设备,涨停,akshare:stock_zt_pool_em,,,
141,600578,京能电力,10.013350486755371,8.24,2175327312,55163677163.6,55163676446.72,4.128622055053711,55651312.0,144127,144303,1,1/1,1.0,电力,涨停,akshare:stock_zt_pool_em,,,
142,002335,科华数据,10.01121711730957,39.23,1608597696,25881391574.859997,29318554308.96,6.3870768547058105,11516947.0,144306,145624,5,1/1,1.0,其他电源,涨停,akshare:stock_zt_pool_em,,,
143,603083,剑桥科技,10.0005464553833,201.29,5304046080,55473183601.17,74125116574.72,9.846816062927246,147890983.0,144524,144524,0,1/1,1.0,通信设备,涨停,akshare:stock_zt_pool_em,,,
144,002730,电光科技,10.010725975036621,30.77,462650608,10647339407.6,11141198153.76,4.466695308685303,138465.0,144939,145221,2,1/1,1.0,专用设备,涨停,akshare:stock_zt_pool_em,,,
145,603950,长源东谷,9.993282318115234,65.49,476194832,21193009332.0,21227326092.0,2.3125410079956055,22848151.0,145528,145528,0,1/1,1.0,汽车零部,涨停,akshare:stock_zt_pool_em,,,
1,002915,中欣氟材,1.9408503770828247,22.06,747529968,6354915197.5,7396129615.679999,11.3521728515625,,092500,,1,0/0,,化学制品,炸板,akshare:stock_zt_pool_zbgc_em,23.8,0.0,8.687615394592285
2,002742,冀衡医药,2.6378896236419678,4.28,236168181,2242549326.44,2927956765.44,10.144886016845703,,093218,,1,2/1,,化学制药,炸板,akshare:stock_zt_pool_zbgc_em,4.59,-1.1547343730926514,9.112709999084473
3,600798,宁波海运,7.462686538696289,3.6,294714000,4343523123.6,4343523148.8,6.727240085601807,,093412,,1,0/0,,航运港口,炸板,akshare:stock_zt_pool_zbgc_em,3.69,0.27855151891708374,4.776119232177734
4,603225,新凤鸣,5.902777671813965,21.35,1261977680,35623450268.0,35814492117.600006,3.5107195377349854,,093414,,2,2/1,,化学纤维,炸板,akshare:stock_zt_pool_zbgc_em,22.18,0.09376464784145355,7.986111164093018
5,601233,桐昆股份,5.246636867523193,23.47,2429203312,55733557003.399994,55835164923.36,4.323207855224609,,093821,,1,2/1,,炼化及贸,炸板,akshare:stock_zt_pool_zbgc_em,24.53,0.2134927362203598,7.26457405090332
6,002545,东方铁塔,5.364372730255127,20.82,1105765072,23530008400.56,25901372505.6,4.597112655639648,,093845,,1,0/0,,农化制品,炸板,akshare:stock_zt_pool_zbgc_em,21.74,-0.04800768196582794,5.718623638153076
7,002348,高乐股份,9.035087585449219,12.43,655632960,11230915177.57,11773696000.0,5.8857316970825195,,093939,,3,0/0,,文娱用品,炸板,akshare:stock_zt_pool_zbgc_em,12.54,0.0805152952671051,8.245614051818848
8,600094,大名城,7.4358978271484375,4.19,178117222,8908903490.5,9741540701.12,2.008112907409668,,093959,,1,0/0,,房地产开,炸板,akshare:stock_zt_pool_zbgc_em,4.29,-0.2380952537059784,9.230769157409668
9,600828,茂业商业,2.756892204284668,4.1,296194768,7098576742.099999,7101128430.4,4.063699722290039,,094026,,1,0/0,,一般零售,炸板,akshare:stock_zt_pool_zbgc_em,4.39,0.0,10.776942253112793
10,600909,华安证券,8.29931926727295,7.96,3150425120,39992705852.88,39992706887.68,7.885223865509033,,094113,,15,0/0,,证券Ⅱ,炸板,akshare:stock_zt_pool_zbgc_em,8.09,0.0,9.65986442565918
11,603757,大元泵业,7.6545844078063965,50.49,766730464,9418771106.91,9418771106.91,8.12001895904541,,094122,,2,0/0,,通用设备,炸板,akshare:stock_zt_pool_zbgc_em,51.59,0.0,7.6332621574401855
12,002733,雄韬股份,9.267304420471191,37.73,2127012064,13917191897.07,14496428629.759998,15.40588665008545,,094327,,4,2/1,,电池,炸板,akshare:stock_zt_pool_zbgc_em,37.98,-0.31704095005989075,6.979437828063965
13,600280,中央商场,5.460750579833984,3.09,435180128,3486554494.92,3486554482.56,12.361498832702637,,094826,,2,0/0,,一般零售,炸板,akshare:stock_zt_pool_zbgc_em,3.22,-0.32258063554763794,10.921501159667969
14,000783,长江证券,7.027027130126953,7.92,1860149120,43798177748.159996,43798176829.44,4.2528977394104,,095048,,3,0/0,,证券Ⅱ,炸板,akshare:stock_zt_pool_zbgc_em,8.14,0.0,10.13513469696045
15,300399,天利科技,12.28743839263916,20.47,444476272,4044477440.75,4044872000.0,10.755457878112793,,095142,,1,0/0,,IT服务Ⅱ,炸板,akshare:stock_zt_pool_zbgc_em,21.88,0.0,19.912233352661133
16,600906,财达证券,4.864091396331787,7.33,2031760720,15570642183.5,23785850000.0,12.851426124572754,,095604,,3,2/1,,证券Ⅱ,炸板,akshare:stock_zt_pool_zbgc_em,7.69,0.0,7.725322246551514
17,920790,联迪信息,18.59550666809082,21.11,145916037,1147433163.3799999,1666993792.2,12.365386962890625,,095608,,1,0/0,,IT服务Ⅱ,炸板,akshare:stock_zt_pool_zbgc_em,23.14,0.04739336296916008,28.876405715942383
18,002522,浙江众成,8.321167945861816,7.42,872666144,6715247502.18,6720883088.64,13.100324630737305,,100842,,2,0/0,,塑料,炸板,akshare:stock_zt_pool_zbgc_em,7.54,0.13495276868343353,9.48905086517334
19,605277,新亚电子,7.156959056854248,21.71,476957840,6906706138.93,7033776353.76,6.896319389343262,,102015,,2,0/0,,消费电子,炸板,akshare:stock_zt_pool_zbgc_em,22.29,0.0,8.9832181930542
20,688168,安博通,17.316410064697266,64.7,499298656,6991417623.5,6991417623.5,7.349782466888428,,103153,,1,0/0,,软件开发,炸板,akshare:stock_zt_pool_zbgc_em,66.18,0.0,20.235719680786133
21,688020,方邦股份,18.642297744750977,227.2,1870413936,18719689600.0,18719689600.0,10.263079643249512,,103710,,3,0/0,,元件,炸板,akshare:stock_zt_pool_zbgc_em,229.8,0.0,15.509139060974121
22,603139,康惠股份,8.059210777282715,39.42,446761008,3937269600.0,3937269600.0,11.380574226379395,,104723,,3,0/0,,中药Ⅱ,炸板,akshare:stock_zt_pool_zbgc_em,40.13,0.0761614665389061,9.731359481811523
23,000727,冠捷科技,5.882352828979492,2.7,1098418528,12229830846.0,12229830835.2,8.902412414550781,,104833,,1,0/0,,光学光电,炸板,akshare:stock_zt_pool_zbgc_em,2.81,0.3717471957206726,9.803921699523926
24,603989,艾华集团,8.414463996887207,31.18,698195840,12433956034.8,12433955910.08,5.67763614654541,,110315,,1,0/0,,元件,炸板,akshare:stock_zt_pool_zbgc_em,31.64,0.16061677038669586,8.588316917419434
25,603032,德新科技,7.400639533996582,23.51,461592640,5449919868.400001,5483176174.0,8.535127639770508,,111226,,1,0/0,,电池,炸板,akshare:stock_zt_pool_zbgc_em,24.08,0.2558635175228119,10.415715217590332
26,002768,国恩股份,8.392908096313477,75.81,1328524464,13399275356.25,22837762500.0,10.035249710083008,,111848,,2,0/0,,塑料,炸板,akshare:stock_zt_pool_zbgc_em,76.93,0.013192611746490002,13.340004920959473
27,603586,金麒麟,4.777415752410889,19.3,501255424,3783818654.0,3783818654.0,12.848414421081543,,130037,,3,0/0,,汽车零部,炸板,akshare:stock_zt_pool_zbgc_em,20.26,0.05184033140540123,11.454940795898438
28,301458,钧崴电子,17.928869247436523,56.37,1582642480,6622459607.19,15032001879.0,24.572586059570312,,130118,,4,0/0,,元件,炸板,akshare:stock_zt_pool_zbgc_em,57.36,0.0,19.163179397583008
29,002810,山东赫达,9.067244529724121,25.14,442286672,8140849029.24,8784373749.12,5.534461498260498,,130430,,1,0/0,,化学制品,炸板,akshare:stock_zt_pool_zbgc_em,25.36,-0.15885624289512634,10.802602767944336
30,603703,盛洋科技,6.535362243652344,11.9,251793794,4938287228.0,4938287323.2,5.153735160827637,,130510,,2,0/0,,光学光电,炸板,akshare:stock_zt_pool_zbgc_em,12.29,0.25273799896240234,10.02685832977295
31,603260,合盛硅业,6.988007545471191,46.39,1835767936,54842579992.99,54842580132.16,3.4041404724121094,,130723,,4,0/0,,化学制品,炸板,akshare:stock_zt_pool_zbgc_em,47.7,0.0,13.607011795043945
32,300620,光库科技,19.997900009155273,343.05,8156536320,84768748643.40001,85481385962.25,10.246047019958496,,131418,,47,0/0,,通信设备,炸板,akshare:stock_zt_pool_zbgc_em,343.06,0.0,17.713726043701172
33,001288,运机集团,8.258010864257812,26.35,223657695,4002994742.15,6189122386.75,5.650518894195557,,131757,,1,0/0,,专用设备,炸板,akshare:stock_zt_pool_zbgc_em,26.77,0.0,9.942481994628906
34,603353,和顺石油,4.900696277618408,40.67,458932992,6930900060.0,6991417020.0,6.594447612762451,,132054,,1,0/0,,炼化及贸,炸板,akshare:stock_zt_pool_zbgc_em,42.65,0.17241379618644714,11.503739356994629
35,603435,嘉德利,9.341651916503906,66.6,585659712,2376790297.2,30580557897.6,25.352121353149414,,132221,,1,0/0,,电子化学,炸板,akshare:stock_zt_pool_zbgc_em,67.0,-0.015012761577963829,9.522245407104492
36,600641,先导基电,9.023876190185547,31.05,2815765840,28896059016.0,29400186816.0,10.008332252502441,,133652,,4,0/0,,半导体,炸板,akshare:stock_zt_pool_zbgc_em,31.33,0.0,11.306180000305176
37,600160,巨化股份,9.907997131347656,46.59,6233341696,125781169913.79001,125781169867.20001,5.113905429840088,,133706,,11,0/0,,化学制品,炸板,akshare:stock_zt_pool_zbgc_em,46.63,-0.06435006856918335,10.403396606445312
38,688432,有研硅,19.619047164916992,25.12,1828650464,31407582672.960003,31407582622.72,6.364168167114258,,134400,,1,0/0,,半导体,炸板,akshare:stock_zt_pool_zbgc_em,25.2,0.0,26.333332061767578
39,301526,国际复材,20.00703239440918,34.13,6147257600,47931930461.990005,128700067778.24,13.56053352355957,,134418,,4,0/0,,玻璃玻纤,炸板,akshare:stock_zt_pool_zbgc_em,34.13,0.0,16.45569610595703
40,002655,共达电声,8.07228946685791,35.88,1007427056,13052530452.0,13078403520.0,7.902516841888428,,135151,,1,0/0,,消费电子,炸板,akshare:stock_zt_pool_zbgc_em,36.52,0.0,10.602409362792969
41,300005,探路者,19.972640991210938,17.54,1919483392,15375278729.439999,15500136447.679998,13.139632225036621,,135336,,25,0/0,,服装家纺,炸板,akshare:stock_zt_pool_zbgc_em,17.54,0.0,19.83584213256836
42,002138,顺络电子,9.152420997619629,61.3,3776596416,46373434491.1,49427314977.6,8.268373489379883,,141351,,5,0/0,,元件,炸板,akshare:stock_zt_pool_zbgc_em,61.78,0.03263707458972931,8.15527057647705
43,688170,德龙激光,20.0,81.24,949051952,8396966399.999999,8396966399.999999,11.971874237060547,,143720,,9,0/0,,自动化设,炸板,akshare:stock_zt_pool_zbgc_em,81.24,0.0,19.39438819885254
