序号,代码,名称,上榜日,解读,收盘价,涨跌幅,龙虎榜净买额,龙虎榜买入额,龙虎榜卖出额,龙虎榜成交额,市场总成交额,净买额占总成交比,成交额占总成交比,换手率,流通市值,上榜原因,上榜后1日,上榜后2日,上榜后5日,上榜后10日,source
1,000048,京基智农,2026-06-15,3家机构卖出，成功率34.86%,17.37,-8.1438,-79000105.39,150508537.44,229508642.83,380017180.27,895062015,-8.826215844943,42.457078269599,9.2547,9193988767.5,日跌幅偏离值达到7%的前5只证券,,,,,akshare:stock_lhb_detail_em
2,000048,京基智农,2026-06-15,3家机构卖出，成功率34.86%,17.37,-8.1438,-79000105.39,150508537.44,229508642.83,380017180.27,895062015,-8.826215844943,42.457078269599,9.2547,9193988767.5,日振幅值达到15%的前5只证券,,,,,akshare:stock_lhb_detail_em
3,001257,盛龙股份,2026-06-15,1家机构买入，成功率52.94%,30.51,9.9856,-1562670.40000001,258800669.79,260363340.19,519164009.98,1472260522,-0.106140888562,35.263053122877,35.4709,4178283113.88,日换手率达到20%的前5只证券,,,,,akshare:stock_lhb_detail_em
4,001317,三羊马,2026-06-15,5家机构卖出，成功率10.00%,47.4,-0.6289,-31296520.18,149662782.63,180959302.81,330622085.44,1065287037,-2.937848588502,31.035962511201,6.9596,4051819450.2,连续三个交易日内，跌幅偏离值累计达到20%的证券,,,,,akshare:stock_lhb_detail_em
5,002181,粤传媒,2026-06-15,1家机构卖出，成功率11.58%,12.3,-5.8914,-164217589.38,332372233.16,496589822.54,828962055.7,4351938339,-3.773435572567,19.048111235199,10.2017,13954806379.2,连续三个交易日内，跌幅偏离值累计达到20%的证券,,,,,akshare:stock_lhb_detail_em
6,002354,天娱数科,2026-06-15,3家机构卖出，成功率8.04%,7.5,-0.266,-168463565.77,376558559.32,545022125.09,921580684.41,3570652245,-4.718005400999,25.809869490945,28.9007,12192703342.5,日换手率达到20%的前5只证券,,,,,akshare:stock_lhb_detail_em
7,002361,神剑股份,2026-06-15,西藏自治区资金买入，成功率7.34%,15.93,1.2071,-346000875.25,730123749.52,1076124624.77,1806248374.29,11772255533,-2.939121345779,15.343265096707,21.7366,12887672494.77,连续三个交易日内，跌幅偏离值累计达到20%的证券,,,,,akshare:stock_lhb_detail_em
8,002421,达实智能,2026-06-15,主力做T，成功率30.52%,4.01,-8.8636,29108570.9,305166126.43,276057555.53,581223681.96,2737003825,1.063519555001,21.235764329266,33.7838,8033542515.86,日换手率达到20%的前5只证券,,,,,akshare:stock_lhb_detail_em
9,002421,达实智能,2026-06-15,主力做T，成功率30.52%,4.01,-8.8636,29108570.9,305166126.43,276057555.53,581223681.96,2737003825,1.063519555001,21.235764329266,33.7838,8033542515.86,日跌幅偏离值达到7%的前5只证券,,,,,akshare:stock_lhb_detail_em
10,002428,云南锗业,2026-06-15,3家机构买入，成功率27.14%,101.49,10.0043,540429120.83,4172641262.99,3632212142.16,7804853405.15,32742756270,1.650530323023,23.836885755098,15.0384,66276585581.25,连续三个交易日内，涨幅偏离值累计达到20%的证券,,,,,akshare:stock_lhb_detail_em
11,002490,山东墨龙,2026-06-15,3家机构卖出，成功率12.61%,8.22,-7.0136,-86625132.0,53968286.0,140593418.0,194561704.0,688176098,-12.58764032226,28.272081021913,15.4352,4452954840.0,日跌幅偏离值达到7%的前5只证券,,,,,akshare:stock_lhb_detail_em
12,002514,*ST宝馨,2026-06-15,西藏自治区资金卖出，成功率22.60%,3.06,-2.5478,-11444740.69,42688906.26,54133646.95,96822553.21,312646146,-3.660605075874,30.968733966099,8.0834,1695339798.84,连续三个交易日内，跌幅偏离值累计达到12%的ST证券、*ST证券和未完成股改证券,,,,,akshare:stock_lhb_detail_em
13,002636,金安国纪,2026-06-15,3家机构买入，成功率28.40%,97.34,8.3,154758371.81,3808308870.04,3653550498.23,7461859368.27,21049856879,0.735199164059,35.448504049993,8.5419,70504862690.78,连续三个交易日内，涨幅偏离值累计达到20%的证券,,,,,akshare:stock_lhb_detail_em
14,002667,*ST威领,2026-06-15,卖一主卖，成功率31.89%,17.06,-5.0111,-6305720.48,19611670.0,25917390.48,45529060.48,47886586,-13.168030980534,95.076856136706,0.1291,4036583660.0,连续三个交易日内，跌幅偏离值累计达到12%的ST证券、*ST证券和未完成股改证券,,,,,akshare:stock_lhb_detail_em
15,002842,翔鹭钨业,2026-06-15,4家机构买入，成功率37.86%,43.42,9.3978,71667912.8,500543127.72,428875214.92,929418342.64,4157480220,1.723830517707,22.355328070328,37.1989,11656635627.78,日换手率达到20%的前5只证券,,,,,akshare:stock_lhb_detail_em
16,002856,*ST美芝,2026-06-15,主力做T，成功率21.08%,23.09,-4.9794,-31641329.35,23300952.0,54942281.35,78243233.35,182112416,-17.374614013138,42.964249812599,1.0323,2860953588.87,连续三个交易日内，跌幅偏离值累计达到12%的ST证券、*ST证券和未完成股改证券,,,,,akshare:stock_lhb_detail_em
17,002962,五方光电,2026-06-15,4家机构买入，成功率50.90%,17.43,0.7514,50451471.62,236119357.8,185667886.18,421787243.98,1656867029,3.044992189292,25.456915769189,20.1176,3646077207.15,连续三个交易日内，跌幅偏离值累计达到20%的证券,,,,,akshare:stock_lhb_detail_em
18,002971,和远气体,2026-06-15,3家机构卖出，成功率28.38%,56.78,-2.1541,-142804884.5,276437231.2,419242115.7,695679346.9,2411831153,-5.921015006476,28.844446512546,28.1433,8880468653.0,日换手率达到20%的前5只证券,,,,,akshare:stock_lhb_detail_em
19,002976,瑞玛精密,2026-06-15,4家机构卖出，成功率26.45%,29.59,-10.0061,-32117640.34,47804168.44,79921808.78,127725977.22,319016659,-10.067700050736,40.037400435568,11.377,2770749514.83,日跌幅偏离值达到7%的前5只证券,,,,,akshare:stock_lhb_detail_em
20,003001,中岩大地,2026-06-15,1家机构卖出，成功率15.34%,14.69,-7.1429,-18234398.53,22559054.6,40793453.13,63352507.73,146460722,-12.450026383183,43.255629813159,8.4725,1680045089.58,日跌幅偏离值达到7%的前5只证券,,,,,akshare:stock_lhb_detail_em
21,118018,瑞科转债,2026-06-15,,242.91,18.4234,7198680.0,1091396190.0,1084197510.0,2175593700.0,4781012070,0.150568120193,45.504877798813,,,"非上市首日,当日收盘价涨幅达15%的前五只可转债",,,,,akshare:stock_lhb_detail_em
22,123270,盛德转债,2026-06-15,,188.76,20.0,4087767.69,167380785.59,163293017.9,330673803.49,625404274,0.653620043857,52.873607878478,,,日涨幅达到15%的前5只可转债,,,,,akshare:stock_lhb_detail_em
23,127096,泰坦转债,2026-06-15,,773.725,18.6695,18466468.3699999,1208903022.01,1190436553.64,2399339575.65,5224019881,0.353491540818,45.928990132226,,,日涨幅达到15%的前5只可转债,,,,,akshare:stock_lhb_detail_em
24,300548,长芯博创,2026-06-15,3家机构买入，成功率46.93%,268.84,20.0018,975787547.58,1583772639.97,607985092.39,2191757732.36,6708117640,14.546369040421,32.673215497753,9.653,73221834491.52,日涨幅达到15%的前5只证券,,,,,akshare:stock_lhb_detail_em
25,300570,太辰光,2026-06-15,3家机构买入，成功率45.27%,222.1,20.0022,475595901.77,990364494.9,514768593.13,1505133088.03,6444531666,7.379836525269,23.355197336849,15.7318,42686020435.8,日涨幅达到15%的前5只证券,,,,,akshare:stock_lhb_detail_em
26,300620,光库科技,2026-06-15,4家机构买入，成功率43.76%,343.05,19.9979,1537055379.98,2399230675.15,862175295.17,3261405970.32,8156536264,18.844462039163,39.985183229242,10.246,84768748643.4,日涨幅达到15%的前5只证券,,,,,akshare:stock_lhb_detail_em
27,300706,阿石创,2026-06-15,4家机构买入,76.1,5.9151,-312916251.2,195032254.0,507948505.2,702980759.2,3016396306,-10.373844132403,23.305318263442,36.5888,8662504778.9,日换手率达到30%的前5只证券,,,,,akshare:stock_lhb_detail_em
28,301217,铜冠铜箔,2026-06-15,4家机构买入，成功率43.76%,170.16,20.0,910858610.9,2247725689.02,1336867078.12,3584592767.14,17184832557,5.300363607727,20.8590497187,4.9806,141065284967.04,连续三个交易日内，涨幅偏离值累计达到30%的证券,,,,,akshare:stock_lhb_detail_em
29,301217,铜冠铜箔,2026-06-15,3家机构买入，成功率42.54%,170.16,20.0,556503358.5,1270595827.85,714092469.35,1984688297.2,6675398132,8.336631725863,29.73138467481,4.9806,141065284967.04,日涨幅达到15%的前5只证券,,,,,akshare:stock_lhb_detail_em
30,301276,嘉曼服饰,2026-06-15,4家机构买入，成功率43.66%,31.2,19.403,36325455.7,139399229.92,103073774.22,242473004.14,474805229,7.650601442723,51.067888331954,15.7873,2254749338.4,连续三个交易日内，涨幅偏离值累计达到30%的证券,,,,,akshare:stock_lhb_detail_em
31,301313,凡拓数创,2026-06-15,5家机构卖出，成功率5.70%,58.36,-1.5852,-181875471.07,117343553.29,299219024.36,416562577.65,1541065456,-11.801930304899,27.030816635864,33.4335,4584383135.4,日换手率达到30%的前5只证券,,,,,akshare:stock_lhb_detail_em
32,301373,凌玮科技,2026-06-15,3家机构买入，成功率45.85%,158.98,20.003,177004426.3,468456308.85,291451882.55,759908191.4,1899064415,9.320612028845,40.014871817816,31.0889,6483696920.04,日换手率达到30%的前5只证券,,,,,akshare:stock_lhb_detail_em
33,301526,国际复材,2026-06-15,4家机构买入，成功率20.64%,34.13,20.007,476845500.38,3461609305.42,2984763805.04,6446373110.46,18046691507,2.642287646991,35.72052588121,13.5605,47931930461.99,连续三个交易日内，涨幅偏离值累计达到30%的证券,,,,,akshare:stock_lhb_detail_em
34,301526,国际复材,2026-06-15,4家机构买入，成功率35.09%,34.13,20.007,268777357.14,1298112313.51,1029334956.37,2327447269.88,6147257522,4.372313282437,37.86155471038,13.5605,47931930461.99,日涨幅达到15%的前5只证券,,,,,akshare:stock_lhb_detail_em
35,301630,同宇新材,2026-06-15,2家机构买入，成功率33.78%,320.66,14.9278,2873329.0,159634967.48,156761638.48,316396605.96,1024425544,0.280481975174,30.88527104904,32.8222,3206600000.0,日换手率达到30%的前5只证券,,,,,akshare:stock_lhb_detail_em
36,600141,兴发集团,2026-06-15,买一主买，成功率44.13%,37.24,9.0483,82039982.8200001,861912492.21,779872509.39,1641785001.6,7175658136,1.143309523184,22.879922238258,6.8925,44752792274.68,非ST、*ST和S证券连续三个交易日内收盘价格涨幅偏离值累计达到20%的证券,,,,,akshare:stock_lhb_detail_em
37,600193,退市创兴,2026-06-15,买一主买，成功率59.88%,0.16,0.0,296879.88,1634725.0,1337845.12,2972570.12,5320904,5.57950077656,55.865885195448,7.7714,68059680.0,退市整理的证券,,,,,akshare:stock_lhb_detail_em
38,600301,华锡有色,2026-06-15,3家机构买入，成功率45.49%,67.9,7.7778,-130340329.26,839546737.3,969887066.56,1809433803.86,5337723459,-2.441871150897,33.898979925779,11.5025,18695292739.9,非ST、*ST和S证券连续三个交易日内收盘价格涨幅偏离值累计达到20%的证券,,,,,akshare:stock_lhb_detail_em
39,600403,大有能源,2026-06-15,普通席位卖出，成功率33.81%,6.53,-9.931,17788688.08,86838995.0,69050306.92,155889301.92,895995642,1.98535430823,17.398444212522,1.3597,15612004985.06,非ST、*ST和S证券连续三个交易日内收盘价格跌幅偏离值累计达到20%的证券,,,,,akshare:stock_lhb_detail_em
40,600403,大有能源,2026-06-15,普通席位卖出，成功率33.31%,6.53,-9.931,1648276.0,20755470.0,19107194.0,39862664.0,213133590,0.773353463431,18.703135437263,1.3597,15612004985.06,有价格涨跌幅限制的日收盘价格跌幅偏离值达到7%的前五只证券,,,,,akshare:stock_lhb_detail_em
41,600421,退市华嵘,2026-06-15,买一主买，成功率35.56%,0.27,3.8462,54265.0,573016.0,518751.0,1091767.0,1355627,4.002944762829,80.535943884269,2.5759,52812000.0,退市整理的证券,,,,,akshare:stock_lhb_detail_em
42,600497,驰宏锌锗,2026-06-15,买一主买，成功率46.47%,10.12,9.0517,245008865.73,911371386.27,666362520.54,1577733906.81,6001594672,4.082396081713,26.288578170245,7.4785,51008650487.96,非ST、*ST和S证券连续三个交易日内收盘价格涨幅偏离值累计达到20%的证券,,,,,akshare:stock_lhb_detail_em
43,600500,中化国际,2026-06-15,普通席位买入，成功率54.10%,8.24,3.9092,301270504.42,865939423.23,564668918.81,1430608342.04,4348808893,6.92765563704,32.896555752145,15.0253,29567643936.72,有价格涨跌幅限制的日价格振幅达到15%的前五只证券,,,,,akshare:stock_lhb_detail_em
44,600537,*ST亿晶,2026-06-15,普通席位买入，成功率54.72%,2.71,5.0388,-794121.92,10461702.0,11255823.92,21717525.92,112366685,-0.706723634323,19.327370848397,2.6771,3207867698.78,ST、*ST证券连续三个交易日内收盘价格涨幅偏离值累计达到12%的证券,,,,,akshare:stock_lhb_detail_em
45,600573,惠泉啤酒,2026-06-15,普通席位卖出，成功率43.40%,12.3,-9.4923,-34896586.4,34134627.0,69031213.4,103165840.4,470991835,-7.40917013986,21.903955171537,15.0013,3075000000.0,有价格涨跌幅限制的日收盘价格跌幅偏离值达到7%的前五只证券,,,,,akshare:stock_lhb_detail_em
46,600599,退市熊猫,2026-06-15,普通席位买入，成功率41.11%,0.41,0.0,-261720.05,597418.0,859138.05,1456556.05,1278970,-20.463345504586,113.885083309225,1.8707,68060000.0,退市整理的证券,,,,,akshare:stock_lhb_detail_em
47,600608,退市沪科,2026-06-15,买一主买，成功率54.21%,0.18,0.0,214572.0,908390.0,693818.0,1602208.0,2449618,8.759406568698,65.40644296376,4.2767,57306859.38,退市整理的证券,,,,,akshare:stock_lhb_detail_em
48,600636,退市国化,2026-06-15,买一主买，成功率44.38%,1.8,9.7561,5319443.26,9046201.46,3726758.2,12772959.66,15754682,33.764205840524,81.07405569976,2.0563,789546243.6,退市整理的证券,,,,,akshare:stock_lhb_detail_em
49,600696,退市岩石,2026-06-15,买一主买，成功率44.75%,0.66,10.0,535991.2,1057804.85,521813.65,1579618.5,1808012,29.645334212384,87.367699993142,0.8474,220749824.46,退市整理的证券,,,,,akshare:stock_lhb_detail_em
50,600791,京能置业,2026-06-15,普通席位卖出，成功率43.33%,10.93,-9.9671,-5543696.0,3351138.0,8894834.0,12245972.0,15498740,-35.768688293371,79.01269393512,0.3135,4943788697.28,有价格涨跌幅限制的日收盘价格跌幅偏离值达到7%的前五只证券,,,,,akshare:stock_lhb_detail_em
51,600791,京能置业,2026-06-15,普通席位卖出，成功率42.07%,10.93,-9.9671,2504269.0,45575404.0,43071135.0,88646539.0,131954588,1.897826394638,67.179580750917,0.3135,4943788697.28,非ST、*ST和S证券连续三个交易日内收盘价格跌幅偏离值累计达到20%的证券,,,,,akshare:stock_lhb_detail_em
52,601898,中煤能源,2026-06-15,4家机构卖出，成功率36.88%,14.77,-8.7145,-233530127.64,236072918.74,469603046.38,705675965.12,1209423815,-19.309205321048,58.348112247153,0.8814,135175045908.0,有价格涨跌幅限制的日收盘价格跌幅偏离值达到7%的前五只证券,,,,,akshare:stock_lhb_detail_em
53,601975,招商南油,2026-06-15,买一主买，成功率42.96%,4.58,10.0962,125114150.0,169570836.0,44456686.0,214027522.0,219170802,57.085227073267,97.653300552325,1.0224,21435978625.24,有价格涨跌幅限制的日收盘价格涨幅偏离值达到7%的前五只证券,,,,,akshare:stock_lhb_detail_em
54,603007,顺景科技,2026-06-15,买一主买，成功率38.63%,5.89,10.0935,8927213.53,39519727.76,30592514.23,70112241.99,234335576,3.809585246245,29.919589328596,5.7708,4094074380.81,有价格涨跌幅限制的日收盘价格涨幅偏离值达到7%的前五只证券,,,,,akshare:stock_lhb_detail_em
55,603020,爱普股份,2026-06-15,普通席位卖出，成功率46.91%,11.74,-9.9693,3232373.0,63398482.04,60166109.04,123564591.08,370743225,0.87186299898,33.328887150939,8.1511,4409987466.76,有价格涨跌幅限制的日收盘价格跌幅偏离值达到7%的前五只证券,,,,,akshare:stock_lhb_detail_em
56,603103,横店影视,2026-06-15,2家机构卖出，成功率45.03%,17.19,-8.661,-15323876.37,87414657.65,102738534.02,190153191.67,924813888,-1.656968668922,20.561238767859,4.1842,10901898000.0,非ST、*ST和S证券连续三个交易日内收盘价格跌幅偏离值累计达到20%的证券,,,,,akshare:stock_lhb_detail_em
57,603120,肯特催化,2026-06-15,1家机构卖出，成功率38.29%,56.2,-2.8354,-23302415.79,61892656.14,85195071.93,147087728.07,526771820,-4.423626113865,27.922474681732,24.9663,2129980000.0,有价格涨跌幅限制的日换手率达到20%的前五只证券,,,,,akshare:stock_lhb_detail_em
58,603137,恒尚节能,2026-06-15,上海资金买入，成功率45.32%,12.94,10.034,-655203.6,15178788.0,15833991.6,31012779.6,34931491,-1.875681745162,88.781723059001,1.483,2367157341.96,有价格涨跌幅限制的日收盘价格涨幅偏离值达到7%的前五只证券,,,,,akshare:stock_lhb_detail_em
59,603272,*ST联翔,2026-06-15,卖一主卖，成功率33.75%,32.75,-4.9898,-4856510.0,21947878.0,26804388.0,48752266.0,158043280,-3.072898765452,30.847414708174,1.1223,3393784250.0,ST、*ST证券连续三个交易日内收盘价格跌幅偏离值累计达到12%的证券,,,,,akshare:stock_lhb_detail_em
60,603335,迪生力,2026-06-15,买一主买，成功率65.45%,8.86,10.0621,10808039.34,15140579.34,4332540.0,19473119.34,15140579,71.384584037374,128.615420453868,0.3991,3793361156.0,有价格涨跌幅限制的日收盘价格涨幅偏离值达到7%的前五只证券,,,,,akshare:stock_lhb_detail_em
61,603399,永杉锂业,2026-06-15,1家机构买入，成功率45.40%,21.32,4.2543,101181803.39,350404246.78,249222443.39,599626690.17,3124924833,3.237895591007,19.18851563525,29.3736,10922036636.68,有价格涨跌幅限制的日换手率达到20%的前五只证券,,,,,akshare:stock_lhb_detail_em
62,603409,汇通控股,2026-06-15,1家机构卖出，成功率48.00%,31.23,-1.6688,-24739206.58,50010756.96,74749963.54,124760720.5,513577794,-4.817031980164,24.292467851521,15.9513,1129411338.84,非ST、*ST和S证券连续三个交易日内收盘价格跌幅偏离值累计达到20%的证券,,,,,akshare:stock_lhb_detail_em
63,603435,嘉德利,2026-06-15,普通席位买入，成功率47.39%,66.6,9.3417,-38542832.65,63408877.53,101951710.18,165360587.71,585659707,-6.581096870644,28.234926482658,25.3521,2376790297.2,有价格涨跌幅限制的日换手率达到20%的前五只证券,,,,,akshare:stock_lhb_detail_em
64,603459,红板科技,2026-06-15,上海资金买入，成功率47.53%,80.91,6.9248,37367692.44,206137757.75,168770065.31,374907823.06,1294652077,2.886311550713,28.958191140337,20.5478,6396085830.78,有价格涨跌幅限制的日换手率达到20%的前五只证券,,,,,akshare:stock_lhb_detail_em
65,603499,翔港科技,2026-06-15,买一主买，成功率53.86%,19.86,10.0277,21404678.0,44712710.0,23308032.0,68020742.0,158205151,13.529697272626,42.995276430664,2.7109,6009524585.4,有价格涨跌幅限制的日收盘价格涨幅偏离值达到7%的前五只证券,,,,,akshare:stock_lhb_detail_em
66,603681,永冠新材,2026-06-15,上海资金买入，成功率45.20%,27.39,10.0,-65847553.0,255897616.12,321745169.12,577642785.24,1811403060,-3.635168475425,31.889246407699,12.967,6511748723.7,非ST、*ST和S证券连续三个交易日内收盘价格涨幅偏离值累计达到20%的证券,,,,,akshare:stock_lhb_detail_em
67,603738,泰晶科技,2026-06-15,买一主买，成功率46.99%,56.91,9.9923,66901968.91,594172658.84,527270689.93,1121443348.77,4750247556,1.408389102279,23.608103273555,22.4808,21960857169.72,有价格涨跌幅限制的日换手率达到20%的前五只证券,,,,,akshare:stock_lhb_detail_em
68,603738,泰晶科技,2026-06-15,1家机构买入，成功率47.19%,56.91,9.9923,190472204.59,1105883423.56,915411218.97,2021294642.53,8641660614,2.204115772395,23.390118321187,22.4808,21960857169.72,非ST、*ST和S证券连续三个交易日内收盘价格涨幅偏离值累计达到20%的证券,,,,,akshare:stock_lhb_detail_em
69,603773,沃格光电,2026-06-15,买一主买，成功率45.83%,137.3,5.7781,81889131.05,679101978.05,597212847.0,1276314825.05,5040587220,1.624595061565,25.32075667664,16.9085,30848376310.9,有价格涨跌幅限制的日价格振幅达到15%的前五只证券,,,,,akshare:stock_lhb_detail_em
70,603993,洛阳钼业,2026-06-15,上海资金买入，成功率47.84%,20.92,9.4715,786369971.3,3714727192.77,2928357221.47,6643084414.24,28140493033,2.794442763948,23.606851544675,4.1883,365280818321.92,非ST、*ST和S证券连续三个交易日内收盘价格涨幅偏离值累计达到20%的证券,,,,,akshare:stock_lhb_detail_em
71,605081,退市太和,2026-06-15,普通席位买入，成功率44.54%,0.37,0.0,157709.28,657282.0,499572.72,1156854.72,1102269,14.307694401276,104.952123302025,2.5897,41901416.64,退市整理的证券,,,,,akshare:stock_lhb_detail_em
72,605177,东亚药业,2026-06-15,普通席位卖出，成功率44.50%,20.09,-2.2384,-16552890.0,26994779.0,43547669.0,70542448.0,177235485,-9.339489775425,39.801537485566,7.6197,2283274988.26,有价格涨跌幅限制的日价格振幅达到15%的前五只证券,,,,,akshare:stock_lhb_detail_em
73,605186,健麾信息,2026-06-15,卖一主卖，成功率46.46%,31.8,-7.2075,37449778.0,124421252.0,86971474.0,211392726.0,669673981,5.59224026355,31.566513258337,14.7601,4324800000.0,有价格涨跌幅限制的日价格振幅达到15%的前五只证券,,,,,akshare:stock_lhb_detail_em
74,688090,瑞松科技,2026-06-15,普通席位买入，成功率46.78%,123.13,19.9981,212708754.25,388192067.96,175483313.71,563675381.67,1515282700,14.037562380274,37.199354395718,10.4067,15067425980.32,有价格涨跌幅限制的日收盘价格涨幅达到15%的前五只证券,,,,,akshare:stock_lhb_detail_em
75,688167,炬光科技,2026-06-15,买一主买，成功率48.04%,398.26,20.0012,-152846888.82,1567484764.86,1720331653.68,3287816418.54,11858252200,-1.288949553797,27.725978188759,8.6661,51829146590.46,有价格涨跌幅限制的连续3个交易日内收盘价格涨幅偏离值累计达到30%的证券,,,,,akshare:stock_lhb_detail_em
76,688167,炬光科技,2026-06-15,买一主买，成功率48.53%,398.26,20.0012,85713874.8199999,700165426.28,614451551.46,1314616977.74,4239342300,2.021867279271,31.009927595137,8.6661,51829146590.46,有价格涨跌幅限制的日收盘价格涨幅达到15%的前五只证券,,,,,akshare:stock_lhb_detail_em
77,688170,德龙激光,2026-06-15,上海资金买入，成功率47.46%,81.24,20.0,129270968.32,209116395.23,79845426.91,288961822.14,949051900,13.621064171517,30.447420435068,11.9719,8396966400.0,有价格涨跌幅限制的日收盘价格涨幅达到15%的前五只证券,,,,,akshare:stock_lhb_detail_em
78,688398,赛特新材,2026-06-15,普通席位卖出，成功率48.77%,24.51,-16.5191,-7278583.63,71123313.9,78401897.53,149525211.43,279347500,-2.605566053034,53.526597313382,6.5517,4113126164.55,有价格涨跌幅限制的日收盘价格跌幅达到15%的前五只证券,,,,,akshare:stock_lhb_detail_em
79,688603,天承科技,2026-06-15,买一主买，成功率47.80%,185.33,20.0013,-111245038.26,338725689.34,449970727.6,788696416.94,1619466700,-6.86923900689,48.70099625636,18.9262,8788646425.31,有价格涨跌幅限制的日收盘价格涨幅达到15%的前五只证券,,,,,akshare:stock_lhb_detail_em
80,688757,胜科纳米,2026-06-15,买一主买，成功率49.03%,50.76,20.0,-22768383.33,132589473.04,155357856.37,287947329.41,712039300,-3.197630149066,40.439808506356,8.0109,9198744813.72,有价格涨跌幅限制的日收盘价格涨幅达到15%的前五只证券,,,,,akshare:stock_lhb_detail_em
81,920083,金戈新材,2026-06-15,1家机构卖出，成功率39.74%,39.38,-1.0553,9410116.75,43525919.33,34115802.58,77641721.91,317973300,2.95940468901,24.417685984955,41.096,791120256.96,当日换手率达到20%的前5只股票,,,,,akshare:stock_lhb_detail_em
82,920088,科力股份,2026-06-15,1家机构卖出，成功率16.05%,42.63,-7.2858,-39483761.66,23580110.49,63063872.15,86643982.64,305890000,-12.907830154631,28.325209271307,22.2762,1388298384.9,当日换手率达到20%的前5只股票,,,,,akshare:stock_lhb_detail_em
83,920161,龙辰科技,2026-06-15,1家机构买入，成功率39.80%,39.8,9.0411,9971626.34999999,57417530.37,47445904.02,104863434.39,438341500,2.274853362048,23.922771261676,31.1677,1468573832.0,当日换手率达到20%的前5只股票,,,,,akshare:stock_lhb_detail_em
84,920206,彩客科技,2026-06-15,1家机构买入，成功率43.16%,61.65,0.7353,16213302.0,35884761.32,19671459.32,55556220.64,216491700,7.489110206073,25.662055700057,25.2346,878872042.8,当日换手率达到20%的前5只股票,,,,,akshare:stock_lhb_detail_em
85,920725,惠丰钻石,2026-06-15,1家机构买入，成功率30.90%,71.94,5.0986,40306568.91,98070394.71,57763825.8,155834220.51,650974300,6.191729675042,23.938613323137,23.0744,2990537167.2,当日换手率达到20%的前5只股票,,,,,akshare:stock_lhb_detail_em
