序号,代码,名称,上榜日,解读,收盘价,涨跌幅,龙虎榜净买额,龙虎榜买入额,龙虎榜卖出额,龙虎榜成交额,市场总成交额,净买额占总成交比,成交额占总成交比,换手率,流通市值,上榜原因,上榜后1日,上榜后2日,上榜后5日,上榜后10日
1,000582,北部湾港,2026-06-04,3家机构卖出，成功率5.84%,13.42,-9.9933,-211371125.28,184095079.93,395466205.21,579561285.14,2327123555,-9.082935232461,24.904620293786,7.6321,28944903152.66,日跌幅偏离值达到7%的前5只证券,,,,
2,000700,模塑科技,2026-06-04,4家机构买入，成功率29.90%,17.8,7.3583,208170783.53,1195586783.27,987415999.74,2183002783.01,7465912758,2.788283097829,29.239596734784,20.4881,16340673924.2,连续三个交易日内，涨幅偏离值累计达到20%的证券,,,,
3,000725,京东方A,2026-06-04,1家机构买入，成功率41.12%,6.15,10.0179,1473319105.43,3153449373.03,1680130267.6,4833579640.63,19950265964,7.384959719778,24.22814637836,9.1438,226785502467.78,日涨幅偏离值达到7%的前5只证券,,,,
4,000733,振华科技,2026-06-04,1家机构买入，成功率46.82%,59.31,9.9963,421816863.58,732616549.18,310799685.6,1043416234.78,4383450946,9.622940207987,23.803533965223,13.874,32863358495.61,日涨幅偏离值达到7%的前5只证券,,,,
5,000759,中百集团,2026-06-04,3家机构卖出，成功率22.75%,5.18,-9.913,-25469178.0,46976366.28,72445544.28,119421910.56,422019757,-6.035067689971,28.297706109527,12.0442,3396557209.5,日跌幅偏离值达到7%的前5只证券,,,,
6,000802,北京文化,2026-06-04,4家机构卖出，成功率38.87%,4.82,-2.2312,-37191880.01,102521838.99,139713719.0,242235557.99,612157321,-6.075542794987,39.570801439456,16.8725,3448922104.1,日振幅值达到15%的前5只证券,,,,
7,001278,一彬科技,2026-06-04,5家机构卖出，成功率16.67%,18.13,-9.9801,-13545299.08,18311189.5,31856488.58,50167678.08,161518741,-8.386208929155,31.05997345534,10.182,1546686181.88,日跌幅偏离值达到7%的前5只证券,,,,
8,001309,德明利,2026-06-04,2家机构买入，成功率34.75%,680.85,10.0008,103075748.48,1989209625.15,1886133876.67,3875343501.82,12689023776,0.812322132101,30.540911343785,11.6218,112282262005.5,日涨幅偏离值达到7%的前5只证券,,,,
9,001896,豫能控股,2026-06-04,1家机构买入，成功率31.77%,22.09,10.01,-48564344.9200001,609489207.06,658053551.98,1267542759.04,4490332176,-1.081531232357,28.228262617514,13.5113,33704509579.7,日涨幅偏离值达到7%的前5只证券,,,,
10,002055,ST得润,2026-06-04,普通席位卖出，成功率36.65%,6.72,-4.1369,-44920791.0,79807632.34,124728423.34,204536055.68,1009607412,-4.449332529266,20.258969303209,9.5066,3991612914.24,连续三个交易日内，跌幅偏离值累计达到12%的ST证券、*ST证券和未完成股改证券,,,,
11,002056,横店东磁,2026-06-04,4家机构买入，成功率20.93%,29.42,6.9818,-67912286.4000001,1349851630.28,1417763916.68,2767615546.96,8864282987,-0.766134006547,31.222102803113,8.0771,47808429936.78,连续三个交易日内，涨幅偏离值累计达到20%的证券,,,,
12,002082,ST万邦,2026-06-04,卖一主卖，成功率42.11%,13.96,-4.9694,-14017315.0,36281843.0,50299158.0,86581001.0,474849670,-2.95194792912,18.233349725188,2.3917,7927153501.12,连续三个交易日内，跌幅偏离值累计达到12%的ST证券、*ST证券和未完成股改证券,,,,
13,002137,实益达,2026-06-04,1家机构买入，成功率39.45%,10.54,1.3462,-144812816.1,92911247.16,237724063.26,330635310.42,1675838875,-8.641213559388,19.729540551445,39.6979,4178668173.74,日换手率达到20%的前5只证券,,,,
14,002384,东山精密,2026-06-04,4家机构买入，成功率45.28%,237.8,6.1655,1018285538.85,9727980343.9,8709694805.05,18437675148.95,68376640415,1.489230141565,26.96487431533,6.0233,329667305729.4,连续三个交易日内，涨幅偏离值累计达到20%的证券,,,,
15,002421,达实智能,2026-06-04,3家机构卖出，成功率2.12%,4.74,-2.8689,-181550105.73,289417692.06,470967797.79,760385489.85,2343780916,-7.746035667866,32.442686287749,24.3765,9496007861.64,日换手率达到20%的前5只证券,,,,
16,002484,江海股份,2026-06-04,3家机构买入，成功率23.18%,96.35,10.0011,-581891791.79,2935236043.42,3517127835.21,6452363878.63,14383658848,-4.045506070042,44.858988570402,4.4657,79052502732.75,连续三个交易日内，涨幅偏离值累计达到20%的证券,,,,
17,002491,通鼎互联,2026-06-04,2家机构买入，成功率47.80%,26.83,10.0041,495081670.28,977021228.79,481939558.51,1458960787.3,5789024620,8.552074015536,25.202186604278,19.2139,31564659808.93,日涨幅偏离值达到7%的前5只证券,,,,
18,002501,*ST利源,2026-06-04,普通席位买入，成功率42.81%,1.66,5.0633,2379704.72,12096806.72,9717102.0,21813908.72,114039812,2.086731535475,19.128327500224,0.1809,5887138881.96,连续三个交易日内，涨幅偏离值累计达到12%的ST证券、*ST证券和未完成股改证券,,,,
19,002579,中京电子,2026-06-04,3家机构买入，成功率42.29%,20.61,5.964,113822314.82,473114719.78,359292404.96,832407124.74,4756007943,2.393232227199,17.502223182052,41.0021,12024119135.34,日换手率达到20%的前5只证券,,,,
20,002606,大连电瓷,2026-06-04,西藏自治区资金卖出，成功率45.42%,13.98,-6.4883,72696090.14,211215981.71,138519891.57,349735873.28,2807031010,2.589785787226,12.459280714537,13.3061,5887565928.9,连续三个交易日内，跌幅偏离值累计达到20%的证券,,,,
21,002620,*ST瑞和,2026-06-04,2家机构卖出，成功率38.43%,6.31,-4.6828,1530747.07,62867617.25,61336870.18,124204487.43,535994141,0.285590261704,23.172732298579,6.6242,1994414509.3,连续三个交易日内，跌幅偏离值累计达到12%的ST证券、*ST证券和未完成股改证券,,,,
22,002630,*ST华西,2026-06-04,1家机构买入，成功率36.29%,1.85,5.1136,-1909849.0,16059265.0,17969114.0,34028379.0,144173468,-1.324688256788,23.602386397475,5.6124,1991596807.75,连续三个交易日内，涨幅偏离值累计达到12%的ST证券、*ST证券和未完成股改证券,,,,
23,002645,华宏科技,2026-06-04,1家机构买入，成功率41.19%,36.1,9.9939,3957728.84000003,1001631739.52,997674010.68,1999305750.2,6085084888,0.065039829564,32.855839926616,12.9639,20463089049.2,连续三个交易日内，涨幅偏离值累计达到20%的证券,,,,
24,002645,华宏科技,2026-06-04,买一主买，成功率49.82%,36.1,9.9939,-114999280.24,502168176.86,617167457.1,1119335633.96,2518684230,-4.565847471876,44.4412848831,12.9639,20463089049.2,日振幅值达到15%的前5只证券,,,,
25,002717,*ST岭南,2026-06-04,普通席位买入，成功率44.87%,1.06,4.9505,2320795.5,6549205.5,4228410.0,10777615.5,48183471,4.816580150484,22.367868641095,0.3384,1821667203.96,连续三个交易日内，涨幅偏离值累计达到12%的ST证券、*ST证券和未完成股改证券,,,,
26,002735,王子新材,2026-06-04,1家机构买入，成功率33.17%,17.12,5.8096,-57390354.09,152317921.69,209708275.78,362026197.47,1273923584,-4.50500758529,28.418203573347,26.5192,4880215917.92,日换手率达到20%的前5只证券,,,,
27,002787,华源控股,2026-06-04,4家机构买入，成功率40.24%,30.42,10.0181,-2632962.18000001,237339050.0,239972012.18,477311062.18,1533755973,-0.171667607256,31.120404456935,21.6354,7546692099.96,日振幅值达到15%的前5只证券,,,,
28,002787,华源控股,2026-06-04,4家机构买入，成功率43.23%,30.42,10.0181,17463867.82,292681652.0,275217784.18,567899436.18,1868609209,0.934591766748,30.391557177646,21.6354,7546692099.96,连续三个交易日内，涨幅偏离值累计达到20%的证券,,,,
29,002859,洁美科技,2026-06-04,2家机构买入，成功率2.99%,94.39,8.8446,-300685878.35,618391296.07,919077174.42,1537468470.49,8333016645,-3.608367667553,18.450322806118,7.9707,38312844837.95,连续三个交易日内，涨幅偏离值累计达到20%的证券,,,,
30,002866,传艺科技,2026-06-04,主力做T，成功率35.73%,18.89,-10.0048,3080288.0,31271885.0,28191597.0,59463482.0,387350845,0.795219124925,15.351323681765,11.0249,3423104238.34,日跌幅偏离值达到7%的前5只证券,,,,
31,002875,安奈儿,2026-06-04,3家机构卖出，成功率12.65%,19.63,-9.9954,-20147114.0,32241075.0,52388189.0,84629264.0,243579571,-8.271265901852,34.743990907185,6.6356,3581257488.51,日跌幅偏离值达到7%的前5只证券,,,,
32,002897,意华股份,2026-06-04,3家机构买入，成功率30.91%,96.15,5.4276,-15178376.5,449427450.76,464605827.26,914033278.02,2865083623,-0.529770802435,31.902499134141,17.102,17540184229.95,日振幅值达到15%的前5只证券,,,,
33,002951,金时科技,2026-06-04,1家机构买入，成功率49.39%,24.79,9.9823,34106037.77,91698224.57,57592186.8,149290411.37,684438138,4.983070912685,21.812111728058,7.3266,9943874495.75,日振幅值达到15%的前5只证券,,,,
34,002951,金时科技,2026-06-04,1家机构买入，成功率45.59%,24.79,9.9823,4126645.88000003,176612481.61,172485835.73,349098317.34,2266236418,0.18209247046,15.404320333361,7.3266,9943874495.75,连续三个交易日内，涨幅偏离值累计达到20%的证券,,,,
35,002980,华盛昌,2026-06-04,5家机构买入，成功率14.95%,127.2,3.9301,-79773381.6,530407310.4,610180692.0,1140588002.4,4865229234,-1.639663369662,23.443664163431,15.3744,12883711996.8,连续三个交易日内，涨幅偏离值累计达到20%的证券,,,,
36,002995,天地在线,2026-06-04,3家机构卖出，成功率33.00%,23.62,-5.6332,-11046671.96,98044733.04,109091405.0,207136138.04,717726858,-1.539119211838,28.860023242993,26.7201,2655294452.96,日换手率达到20%的前5只证券,,,,
37,003030,祖名股份,2026-06-04,5家机构卖出，成功率21.16%,20.42,-4.2214,-25593619.16,99516173.06,125109792.22,224625965.28,450666059,-5.679065163414,49.843106840225,5.9241,1653181248.5,连续三个交易日内，跌幅偏离值累计达到20%的证券,,,,
38,113701,祥和转债,2026-06-04,,174.986,19.9997,8350450.0,312355150.0,304004700.0,616359850.0,1654604180,0.504679614674,37.251196234739,,,"非上市首日,当日收盘价涨幅达15%的前五只可转债",,,,
39,118033,华特转债,2026-06-04,,243.461,14.6557,-9500150.0,1921765500.0,1931265650.0,3853031150.0,7680653590,-0.123689343474,50.165407212435,,,连续3个交易日内日收盘价格涨幅偏离值达到30%的可转债,,,,
40,300726,宏达电子,2026-06-04,2家机构买入，成功率45.13%,79.92,20.0,89843306.8,292475958.09,202632651.29,495108609.38,2058301827,4.364923823196,24.054227756365,12.5381,17137918766.16,日涨幅达到15%的前5只证券,,,,
41,300726,宏达电子,2026-06-04,4家机构买入，成功率23.92%,79.92,20.0,1612184.6099999,743869976.56,742257791.95,1486127768.51,5572978838,0.028928597378,26.666668073036,12.5381,17137918766.16,连续三个交易日内，涨幅偏离值累计达到30%的证券,,,,
42,301013,利和兴,2026-06-04,3家机构买入，成功率27.08%,59.36,9.7633,40784625.66,606256532.98,565471907.32,1171728440.3,3623880617,1.125440652451,32.333527622386,32.263,11233383631.68,日换手率达到30%的前5只证券,,,,
43,301123,奕东电子,2026-06-04,3家机构买入，成功率44.66%,106.79,20.0022,264023101.53,458360228.48,194337126.95,652697355.43,2505965401,10.535783990659,26.04574489215,15.4687,17624796308.44,日涨幅达到15%的前5只证券,,,,
44,301139,*ST元道,2026-06-04,3家机构卖出，成功率13.30%,5.9,-6.793,-7136148.0,11967810.0,19103958.0,31071768.0,184366926,-3.870622651701,16.853222361586,38.3486,449386173.2,日换手率达到30%的前5只证券,,,,
45,301188,力诺药包,2026-06-04,3家机构买入，成功率32.62%,54.54,20.0,44550060.09,335792107.52,291242047.43,627034154.95,1774550011,2.510498989256,35.334825790379,13.5081,14591446982.1,日涨幅达到15%的前5只证券,,,,
46,301319,唯特偶,2026-06-04,4家机构买入，成功率52.20%,137.57,20.0017,188696828.01,436925584.18,248228756.17,685154340.35,2201263757,8.572204371691,31.125499530495,12.4906,18833825363.03,日涨幅达到15%的前5只证券,,,,
47,301329,信音电子,2026-06-04,3家机构卖出，成功率27.47%,32.69,-1.7433,-13227703.75,54643923.61,67871627.36,122515550.97,721770054,-1.832675611394,16.974318938702,37.9409,1959569360.0,日换手率达到30%的前5只证券,,,,
48,301468,博盈特焊,2026-06-04,4家机构买入，成功率46.56%,51.97,19.9954,151655772.99,253819810.29,102164037.3,355983847.59,1076237426,14.091293363924,33.076702128179,22.6541,5067251074.36,日涨幅达到15%的前5只证券,,,,
49,301563,云汉芯城,2026-06-04,4家机构买入，成功率26.91%,224.25,8.8592,-19534546.91,251049538.09,270584085.0,521633623.09,1677756972,-1.164325181538,31.091131301822,39.805,4291179603.75,日换手率达到30%的前5只证券,,,,
50,301591,肯特股份,2026-06-04,2家机构卖出，成功率30.59%,51.21,-3.4138,-24671259.38,67629434.41,92300693.79,159930128.2,761040139,-3.241781624346,21.014677150951,34.5327,2288818045.08,日换手率达到30%的前5只证券,,,,
51,600105,永鼎股份,2026-06-04,买一主买，成功率47.20%,54.29,4.5647,1067027107.6,4240434963.0,3173407855.4,7413842818.4,29151869256,3.660235637824,25.431792223321,10.1008,79371697800.58,非ST、*ST和S证券连续三个交易日内收盘价格涨幅偏离值累计达到20%的证券,,,,
52,600121,郑州煤电,2026-06-04,西藏自治区资金买入，成功率37.84%,5.7,0.1757,-24062651.14,135548757.38,159611408.52,295160165.9,1840623652,-1.3073096781,16.035878142676,25.751,6944948616.6,有价格涨跌幅限制的日换手率达到20%的前五只证券,,,,
53,600246,万通发展,2026-06-04,买一主买，成功率50.10%,18.87,10.0292,102289605.89,1056411003.72,954121397.83,2010532401.55,7579288154,1.349593837991,26.526665310765,7.9838,35672083422.12,非ST、*ST和S证券连续三个交易日内收盘价格涨幅偏离值累计达到20%的证券,,,,
54,600255,鑫科材料,2026-06-04,普通席位买入，成功率61.63%,4.83,10.0228,-113952193.98,166313876.9,280266070.88,446579947.78,2959451119,-3.850450282771,15.089958570794,34.3685,8723689792.65,有价格涨跌幅限制的日换手率达到20%的前五只证券,,,,
55,600280,中央商场,2026-06-04,江苏资金卖出，成功率30.53%,3.59,-10.0251,-33683669.7,34999603.0,68683272.7,103682875.7,584778571,-5.760072507855,17.73027960356,13.8845,4050721888.92,有价格涨跌幅限制的日收盘价格跌幅偏离值达到7%的前五只证券,,,,
56,600293,三峡新材,2026-06-04,普通席位买入，成功率58.59%,3.6,10.0917,40345916.98,60824023.6,20478106.62,81302130.22,274666344,14.689064700261,29.600324901838,6.8731,4176522165.6,有价格涨跌幅限制的日收盘价格涨幅偏离值达到7%的前五只证券,,,,
57,600367,红星发展,2026-06-04,普通席位买入，成功率46.31%,46.98,9.9977,221818872.05,541162951.05,319344079.0,860507030.05,3778814657,5.870064879713,22.771877113792,21.6067,15126300090.36,非ST、*ST和S证券连续三个交易日内收盘价格涨幅偏离值累计达到20%的证券,,,,
58,600403,大有能源,2026-06-04,普通席位买入，成功率40.29%,7.4,9.9554,-34501511.72,91568763.28,126070275.0,217639038.28,832057193,-4.146531273362,26.156740198988,1.1075,17692011774.8,非ST、*ST和S证券连续三个交易日内收盘价格涨幅偏离值累计达到20%的证券,,,,
59,600408,安泰集团,2026-06-04,普通席位买入，成功率49.55%,3.47,10.1587,30229894.37,80200406.37,49970512.0,130170918.37,508666646,5.942967679858,25.590614087561,15.198,3493596000.0,有价格涨跌幅限制的日收盘价格涨幅偏离值达到7%的前五只证券,,,,
60,600421,退市华嵘,2026-06-04,卖一主卖，成功率27.90%,0.33,-2.9412,-560121.83,1345953.0,1906074.83,3252027.83,4424507,-12.659530881068,73.500343202079,6.8169,64548000.0,退市整理的证券,,,,
61,600439,瑞贝卡,2026-06-04,买一主买，成功率50.83%,2.88,9.9237,7442451.0,80719359.0,73276908.0,153996267.0,427541810,1.740753962753,36.018995896565,8.5781,3260118067.2,非ST、*ST和S证券连续三个交易日内收盘价格涨幅偏离值累计达到20%的证券,,,,
62,600549,厦门钨业,2026-06-04,2家机构买入，成功率47.15%,63.73,6.199,1194241861.35,4063687888.07,2869446026.72,6933133914.79,19854085966,6.015093635613,34.920438677776,8.1601,99032085085.4,非ST、*ST和S证券连续三个交易日内收盘价格涨幅偏离值累计达到20%的证券,,,,
63,600599,退市熊猫,2026-06-04,卖一主卖，成功率29.22%,0.48,-4.0,-63788.1200000001,1145938.0,1209726.12,2355664.12,3213665,-1.984902595635,73.301483508704,3.9728,79680000.0,退市整理的证券,,,,
64,600636,退市国化,2026-06-04,普通席位卖出，成功率51.86%,1.9,-6.4039,1236068.49,12405445.52,11169377.03,23574822.55,69910311,1.768077515776,33.721524354254,8.3729,833409923.8,退市整理的证券,,,,
65,600636,退市国化,2026-06-04,普通席位卖出，成功率39.46%,1.9,-6.4039,16102231.37,34636544.14,18534312.77,53170856.91,192221216,8.376927222227,27.661284230977,8.3729,833409923.8,非ST、*ST和S证券连续三个交易日内收盘价格跌幅偏离值累计达到20%的证券,,,,
66,600667,太极实业,2026-06-04,买一主买，成功率47.93%,16.36,10.0202,74354079.5599999,1392791476.48,1318437396.92,2711228873.4,14259563501,0.521433068795,19.013407200086,9.2423,34217630032.08,非ST、*ST和S证券连续三个交易日内收盘价格涨幅偏离值累计达到20%的证券,,,,
67,600688,上海石化,2026-06-04,浙江资金买入，成功率52.45%,3.38,10.0977,145681669.76,289704392.68,144022722.92,433727115.6,733309095,19.86633886765,59.146561601012,2.398,24771389630.0,非ST、*ST和S证券连续三个交易日内收盘价格涨幅偏离值累计达到20%的证券,,,,
68,600688,上海石化,2026-06-04,买一主买，成功率49.98%,3.38,10.0977,108265382.2,243700584.12,135435201.92,379135786.04,593907505,18.229333909495,63.83751389705,2.398,24771389630.0,有价格涨跌幅限制的日收盘价格涨幅偏离值达到7%的前五只证券,,,,
69,600696,退市岩石,2026-06-04,普通席位买入，成功率39.39%,0.69,9.5238,828862.45,1509339.71,680477.26,2189816.97,2835780,29.228728956407,77.220975181432,1.2911,230783907.39,退市整理的证券,,,,
70,600696,退市岩石,2026-06-04,普通席位买入，成功率38.08%,0.69,9.5238,868706.0,2360110.0,1491404.0,3851514.0,9964696,8.717837453345,38.651595593082,1.2911,230783907.39,非ST、*ST和S证券连续三个交易日内收盘价格涨幅偏离值累计达到20%的证券,,,,
71,600696,退市岩石,2026-06-04,普通席位买入，成功率39.39%,0.69,9.5238,828862.45,1509339.71,680477.26,2189816.97,2835780,29.228728956407,77.220975181432,1.2911,230783907.39,有价格涨跌幅限制的日价格振幅达到15%的前五只证券,,,,
72,600726,华电能源,2026-06-04,普通席位买入，成功率48.10%,10.39,7.0031,255091439.51,644100413.31,389008973.8,1033109387.11,5751681568,4.435075838155,17.961866888769,7.5796,77779335201.632,有价格涨跌幅限制的日价格振幅达到15%的前五只证券,,,,
73,601001,晋控煤业,2026-06-04,3家机构买入，成功率47.59%,22.69,3.702,-949419.069999993,285195261.96,286144681.03,571339942.99,1520520365,-0.062440404736,37.575290416449,4.1059,37976253000.0,有价格涨跌幅限制的日价格振幅达到15%的前五只证券,,,,
74,601208,东材科技,2026-06-04,买一主买，成功率48.97%,59.6,5.5054,381353996.32,2399917574.62,2018563578.3,4418481152.92,18538046541,2.057142296393,23.834664257357,10.9519,60206903402.8,非ST、*ST和S证券连续三个交易日内收盘价格涨幅偏离值累计达到20%的证券,,,,
75,601600,中国铝业,2026-06-04,1家机构卖出，成功率50.37%,10.9,-9.2423,-483976765.96,689858212.73,1173834978.69,1863693191.42,6006744051,-8.057223045477,31.026678939479,4.0955,143589680363.9,有价格涨跌幅限制的日收盘价格跌幅偏离值达到7%的前五只证券,,,,
76,601869,长飞光纤,2026-06-04,上海资金买入，成功率46.88%,455.89,2.4495,655858060.91,4311954443.13,3656096382.22,7968050825.35,25986561214,2.523835514476,30.662197894261,4.6928,185245573969.46,非ST、*ST和S证券连续三个交易日内收盘价格涨幅偏离值累计达到20%的证券,,,,
77,603135,中重科技,2026-06-04,普通席位买入，成功率43.07%,12.75,10.0086,2340933.2,67220793.2,64879860.0,132100653.2,291110666,0.804138588313,45.378156360647,2.3719,8026610520.0,非ST、*ST和S证券连续三个交易日内收盘价格涨幅偏离值累计达到20%的证券,,,,
78,603330,天洋新材,2026-06-04,普通席位买入，成功率50.77%,9.41,10.0585,2876250.27000001,86943470.26,84067219.99,171010690.25,807779402,0.356068781016,21.170469292308,21.997,3827171494.3,有价格涨跌幅限制的日收盘价格涨幅偏离值达到7%的前五只证券,,,,
79,603330,天洋新材,2026-06-04,普通席位买入，成功率48.55%,9.41,10.0585,-1927342.33000001,89975468.46,91902810.79,181878279.25,908982512,-0.212032938429,20.008996526217,21.997,3827171494.3,非ST、*ST和S证券连续三个交易日内收盘价格涨幅偏离值累计达到20%的证券,,,,
80,603435,嘉德利,2026-06-04,普通席位买入，成功率52.14%,84.85,9.9948,75767015.23,153394994.02,77627978.79,231022972.81,1084694628,6.985100992867,21.298434310122,39.2499,3028087938.7,有价格涨跌幅限制的日换手率达到20%的前五只证券,,,,
81,603435,嘉德利,2026-06-04,普通席位买入，成功率52.14%,84.85,9.9948,75767015.23,153394994.02,77627978.79,231022972.81,1084694628,6.985100992867,21.298434310122,39.2499,3028087938.7,有价格涨跌幅限制的日价格振幅达到15%的前五只证券,,,,
82,603459,红板科技,2026-06-04,普通席位买入，成功率47.87%,106.99,9.4863,131388389.91,289359769.86,157971379.95,447331149.81,2374416448,5.533502348363,18.839624792306,29.9566,8457758287.42,有价格涨跌幅限制的日换手率达到20%的前五只证券,,,,
83,603637,镇海股份,2026-06-04,普通席位卖出，成功率47.21%,16.98,-8.7097,78300848.39,209086007.2,130785158.81,339871166.01,1172879238,6.675951440962,28.977507231652,9.4527,4052886191.46,非ST、*ST和S证券连续三个交易日内收盘价格跌幅偏离值累计达到20%的证券,,,,
84,603637,镇海股份,2026-06-04,卖一主卖，成功率40.25%,16.98,-8.7097,37984107.29,97344235.49,59360128.2,156704363.69,388525787,9.7764700725,40.333066409824,9.4527,4052886191.46,有价格涨跌幅限制的日收盘价格跌幅偏离值达到7%的前五只证券,,,,
85,603773,沃格光电,2026-06-04,买一主买，成功率50.68%,122.4,3.013,63114094.03,544925806.63,481811712.6,1026737519.23,3959351229,1.594051408416,25.93196359317,14.8322,27498216679.2,有价格涨跌幅限制的日价格振幅达到15%的前五只证券,,,,
86,603829,洛凯股份,2026-06-04,普通席位卖出，成功率48.00%,20.41,-8.8025,-2983814.5,40973953.5,43957768.0,84931721.5,200887399,-1.485316906313,42.278272267341,5.1912,3801692305.19,有价格涨跌幅限制的日收盘价格跌幅偏离值达到7%的前五只证券,,,,
87,603890,春秋电子,2026-06-04,卖一主卖，成功率44.10%,29.36,-6.2879,-41914032.06,365880223.37,407794255.43,773674478.8,3771421136,-1.111359101743,20.514136472719,29.1618,13118294653.36,有价格涨跌幅限制的日换手率达到20%的前五只证券,,,,
88,605018,长华集团,2026-06-04,买一主买，成功率46.83%,16.71,5.6926,-16372455.1,186873846.47,203246301.57,390120148.04,1029643082,-1.590109756111,37.88887186832,6.7483,7854799401.03,非ST、*ST和S证券连续三个交易日内收盘价格涨幅偏离值累计达到20%的证券,,,,
89,605077,华康股份,2026-06-04,卖一主卖，成功率44.33%,14.12,-9.7764,-11939321.86,35448648.48,47387970.34,82836618.82,244198046,-4.889196312406,33.92190075919,5.6164,4227945316.6,有价格涨跌幅限制的日收盘价格跌幅偏离值达到7%的前五只证券,,,,
90,605077,华康股份,2026-06-04,卖一主卖，成功率44.11%,14.12,-9.7764,-36641981.16,117846425.0,154488406.16,272334831.16,879078204,-4.168227695019,30.979590885181,5.6164,4227945316.6,非ST、*ST和S证券连续三个交易日内收盘价格跌幅偏离值累计达到20%的证券,,,,
91,605162,新中港,2026-06-04,普通席位买入，成功率49.07%,12.71,10.0433,43393637.7,110780892.27,67387254.57,178168146.84,680438439,6.377305456725,26.184315380807,7.3546,5628576612.81,非ST、*ST和S证券连续三个交易日内收盘价格涨幅偏离值累计达到20%的证券,,,,
92,605162,新中港,2026-06-04,普通席位买入，成功率53.82%,12.71,10.0433,24994300.42,71164405.57,46170105.15,117334510.72,403222483,6.198637594323,29.09919849881,7.3546,5628576612.81,有价格涨跌幅限制的日收盘价格涨幅偏离值达到7%的前五只证券,,,,
93,688031,星环科技,2026-06-04,买一主买，成功率49.14%,152.32,20.0032,244099587.54,511066562.35,266966974.81,778033537.16,3080333000,7.924454516444,25.25809830171,18.4359,18451422725.12,有价格涨跌幅限制的日收盘价格涨幅达到15%的前五只证券,,,,
94,688146,中船特气,2026-06-04,普通席位买入，成功率48.59%,219.19,19.9989,475221460.08,839427767.09,364206307.01,1203634074.1,4226903900,11.242778906802,28.4755485948,13.8105,31776158857.98,有价格涨跌幅限制的日收盘价格涨幅达到15%的前五只证券,,,,
95,688268,华特气体,2026-06-04,买一主买，成功率46.73%,203.6,15.5046,23623720.61,974251790.69,950628070.08,1924879860.77,6080709900,0.388502674827,31.655512142916,13.8381,25453423534.0,有价格涨跌幅限制的连续3个交易日内收盘价格涨幅偏离值累计达到30%的证券,,,,
96,688287,退市观典,2026-06-04,普通席位买入，成功率25.97%,0.35,2.9412,448786.09,1208216.69,759430.6,1967647.29,3539500,12.679364034468,55.591108631163,2.7253,129680460.0,退市整理的证券,,,,
97,688303,大全能源,2026-06-04,普通席位买入，成功率43.61%,22.46,19.9786,110357464.89,294660616.32,184303151.43,478963767.75,1101232200,10.021271162431,43.493440143686,2.3866,48181320561.04,有价格涨跌幅限制的日收盘价格涨幅达到15%的前五只证券,,,,
98,688378,奥来德,2026-06-04,1家机构买入，成功率47.83%,51.48,20.0,178907892.31,463303170.58,284395278.27,747698448.85,1402851800,12.753156984223,53.298463091397,12.1514,12404650195.08,有价格涨跌幅限制的日收盘价格涨幅达到15%的前五只证券,,,,
99,688668,鼎通科技,2026-06-04,3家机构买入，成功率46.94%,362.4,20.0,81240707.78,978295461.24,897054753.46,1875350214.7,5298989200,1.533135938077,35.390715925596,4.9774,50471667614.4,有价格涨跌幅限制的连续3个交易日内收盘价格涨幅偏离值累计达到30%的证券,,,,
100,688668,鼎通科技,2026-06-04,1家机构买入，成功率46.88%,362.4,20.0,144618967.78,570269511.91,425650544.13,995920056.04,2347684100,6.16006931171,42.4213826741,4.9774,50471667614.4,有价格涨跌幅限制的日收盘价格涨幅达到15%的前五只证券,,,,
101,920078,族兴新材,2026-06-04,1家机构买入，成功率34.52%,35.56,4.6498,2912169.5,24990252.07,22078082.57,47068334.64,188974900,1.541035079262,24.90718854197,26.455,736092000.0,当日换手率达到20%的前5只股票,,,,
102,920096,嘉晨智能,2026-06-04,1家机构买入，成功率35.55%,63.6,20.0,1585858.73999999,46019406.98,44433548.24,90452955.22,360087600,0.44040915044,25.119708432059,36.9213,1030320000.0,当日换手率达到20%的前5只股票,,,,
103,920096,嘉晨智能,2026-06-04,1家机构买入，成功率35.55%,63.6,20.0,1585858.73999999,46019406.98,44433548.24,90452955.22,360087600,0.44040915044,25.119708432059,36.9213,1030320000.0,当日收盘价涨幅达到20%的前5只股票,,,,
104,920128,胜业电气,2026-06-04,1家机构买入，成功率40.59%,35.58,11.8868,42533101.8,120886757.29,78353655.49,199240412.78,1062218200,4.004177465609,18.757013651244,49.4439,864594000.0,北交所股票最近3个有成交的交易日以内收盘价涨跌幅偏离值累计达到+40%(-40%),,,,
105,920128,胜业电气,2026-06-04,买一主买，成功率39.94%,35.58,11.8868,19794191.8,62332134.04,42537942.24,104870076.28,403723600,4.902906790686,25.975711174675,49.4439,864594000.0,当日价格振幅达到30%的前5只股票,,,,
106,920128,胜业电气,2026-06-04,买一主买，成功率39.94%,35.58,11.8868,19794191.8,62332134.04,42537942.24,104870076.28,403723600,4.902906790686,25.975711174675,49.4439,864594000.0,当日换手率达到20%的前5只股票,,,,
107,920161,龙辰科技,2026-06-04,1家机构买入，成功率49.47%,57.21,29.9932,38185292.21,122182405.13,83997112.92,206179518.05,1164008400,3.28049971203,17.712889189631,61.4232,2110982636.4,当日收盘价涨幅达到20%的前5只股票,,,,
108,920161,龙辰科技,2026-06-04,1家机构买入，成功率49.47%,57.21,29.9932,38185292.21,122182405.13,83997112.92,206179518.05,1164008400,3.28049971203,17.712889189631,61.4232,2110982636.4,当日价格振幅达到30%的前5只股票,,,,
109,920161,龙辰科技,2026-06-04,1家机构买入，成功率49.47%,57.21,29.9932,38185292.21,122182405.13,83997112.92,206179518.05,1164008400,3.28049971203,17.712889189631,61.4232,2110982636.4,当日换手率达到20%的前5只股票,,,,
110,920161,龙辰科技,2026-06-04,2家机构买入，成功率45.05%,57.21,29.9932,75393925.24,288506509.76,213112584.52,501619094.28,2565740700,2.938485765144,19.550654291761,61.4232,2110982636.4,北交所股票最近3个有成交的交易日以内收盘价涨跌幅偏离值累计达到+40%(-40%),,,,
111,920218,新天力,2026-06-04,1家机构买入，成功率41.34%,31.34,10.3521,6943190.48,35295450.44,28352259.96,63647710.4,340419700,2.039597144349,18.696835230159,54.9477,660529016.86,当日换手率达到20%的前5只股票,,,,
